add,tr
0x012bf38b6ca9ea39ea95f30f8640f3d63767dd17,4
0x04abeda201850ac0124161f037efd70c74ddc74c,"83,708"
0x07afd974e8f5812c8c366318d379215475f42386,3
0x08cc7bba91b849156e9c44ded51896b38400f55b,805
0x099bcccd2e2ef8c638140f0655e76471acfed045,3
0x0a1386b0c52c5f230083071b22e2864efaefbc9b,6
0x0ba4d8d080979c1742833d3398fa8230d9d6f146,122
0x133dbfdf74f565838a2f9413fb53761a19f06adf,900
0x1acca663cf7e865eed61caeedc36dc0f7ab05baa,2
0x1f1dadfa39759436df35be8752a2467e20609343,260
0x21fb3862eed7911e0f8219a077247b849846728d,1
0x22ecd603fdb52d59090ffb9e6fb3b67ad0a29d4f,4
0x23d67f977bfb4038f6cd0f460ab5913218e34c21,6
0x248e3ef9309fbc149bb6239e1967c8bf995148e9,158
0x24a5e801fb2154113e52483f12079ee8d6df5363,1
0x26d9980571e77ffb0349f9c801dd7ca9951fb656,40
0x29d850fd5d401d31a9ca43f9c05b0a04f27f008f,29
0x2b8766109b67102fd198965e2dcec9b5f0ed3e43,3
0x2c3177cfa17a8e10dfc2a39a572652601683d95c,5
0x2d984c14b8802aeca13b58a55d6ee33847ef5bf6,29
0x2e548308807788818993dbd8eec17e3e046aeeb5,129
0x2f444075ce7f45cec25cdbdc4ec3a421945f09ea,13
0x2f684aae0eae97907d6663b453dd07532c918c50,5
0x308c60c48111a7f0213f690879f1b31fbd52d496,3
0x346d05b764da88c6c5276492b8806a0fb75e6469,1
0x35a0ea500156f7202ee310a0c241c5998b62d8df,2
0x3bd183046cf51acc807d1f0680029fa764f17bee,30
0x3c53efc6bde2046ce4e6a928347db4c358d74c88,3
0x4d5772434ac61fba198414668b94e24112f0cc40,1
0x5c56b0503dfadcff7d8b0c7b0a42c5ce0a074021,2
0x5e36c3db072f72566eda02d7c8037924f39b1bac,2
0x5Fda1bb20918E579793B737cD4D72e1E2e7E83e7,"70,351"
0x60b6e728a394fff55d5838490833faf276f68784,15
0x6BBf5BAe52e8b6a9201Ff147E81d66Bf88b43F48,5
0x6bc43bf90c76b908c801e57e0860041d9ad9b28a,4
0x6dae6ae227438378c117821c51fd61661faa8893,108
0x74cf8b4e3737229b46a565a1d2bfc4be503a79bc,5
0x7c3256f3d57f94f1d4873242773728b5e1d76855,2
0x87ad841660aac6f13568345335a4c91477e4ea27,"4,821"
0x8cb0ded2db088affec4528eef46f4f96fecb05ea,11
0x8ceaeed199745666737de19a7887a270fe39c09b,2
0x99acb190fabdbdf9724a5d2cdbedc35f95839edd,1
0x9B53D7Bb657F5f14a7F73C2d2B90cc084Cae1fE4,9
0x9dd24a962fe469967762b56f4d3f63f89fa4e6e5,3
0x9dd5b5c71842a4fd51533532e5470298bfa398fd,"51,179"
0x9e30a82e98c17650b4e4ce6c45a9779349073b35,7
0x091e280aaf812e4cec2a006e28852f736795e58e,243
0x1231e1822c530f200922570b3279a09deef2df88,3
0x126dfe0eeb90f762d8c4f7141f535a73de84a4b5,10
0x187e63f9eba692a0ac98d3ede6feb870af0079e1,12
0x1f42f986f9ef31d6ef787565b211bce0eb877bcc,6
0x236149288602c07b84387d0d75784d73f133142b,249
0x248ce32c94c0d92554ac0fd2963eed7efd0e68c6,2
0x2823589ae095d99bd64deea80b4690313e2fb519,121
0x2b4f291dac3f50df9f846901dd350a7ff2357bd6,3
0x3076abd3c20ed5b60443672a6b6b157566c4d1af,2
0x32a60c0451bd8623c0056076b770fd19b777b1e3,227
0x3d5c028f34d29910c465d7df3c19e12bc58e18ea,110
0x406d29c3a96864e4d159287f9bd582767a90f8d0,22
0x591d02bf8ddf41ef71847a78fd8d39e31c055aa4,103
0x5a7802e66b067cb1770ee5b1165aa201690a8b6a,"3,331"
0x5b2961d43c5ed36a68bfece330fd073d3cc53517,6
0x5ffd7d72678fc532e379f671cdc1567d9977b27e,8
0x6108f963512eb5632499aa78f39a24fe66b29de0,1
0x62a036ac10c449675d08054a1b7ad624e170fba2,47
0x643f1a4724a834de32807a28e1553a1dc6982fe9,15
0x6527aef0771f308503cdfe7f639224dcda7d18c6,9
0x7687f385c2776b26f15c1649758da12b4a4cd9d5,2
0x7b06ad0c1afb9e8d449bea1d70a3577dd3d3be4e,10
0x7e7483db7765408fa66ef9c3f2af7efe365958ed,10
0x7e7fa96baae16a45c01825db684628d00f3a236e,2
0x8237f0121daE145bfeC1B09c13fBD4f8B68fD0cD,2
0x85b31f87f9f144f067991990aaff1dab12eade32,33
0x8b3436bacaa2f8c98716f69f3b62b6c2994a3e78,8
0x8e666834be8d7a661ceb8367082b5657e99462ea,7
0x8ea4f76baac28449f8bcc97e3f78519d9d390ee7,4
0xa2e9434c0437ef896705d295fad867f234b7fe55,1
0xa638f33388747d5f62411273f4be8919ed8c94b4,1
0xb597b44bd057d3648baf9f9d059d9d9f218b9c96,1
0xb636d0c2021569dcdc9607a7ba4bc7f05095fa55,"5,562"
0xbc425c4209bd4c3f1fc9686371513f13f72cc70a,436
0xc3520f251b12525e43bcb3047bd42af0a3bdf409,1
0xc55e2a11ff902fd96f06270d6e3a862906a658df,3
0xc6a57e7fe10b37d1e1f678247b9b25c6a2d8d7f7,6
0xe341194fa8bda19b1e2d580f4463e8784534d70e,1
0xe36bd5fc482b3017d0485c1a99ee3695f41982c1,1
0xe7b4e1a9d7bde5ce5b2fd0c89a671292f2696a8f,9
0xe94f0ada89b3cfecb7645911898b3907170bf7cb,226
0xeef5e2d8255e973d587217f9509b416b41ca5870,18
0x057d35a858d6350d10f714785baf5c07703dbd4c,3
0x0af0e0d19f08e0a9c141ae98fe6ecc1737f3192f,14
0x0f449ce32456fbd823b7ac5d162826cd34c48784,1
0x11aab899d51f9387f2a6eef9238951da7a0c340e,"1,876"
0x185b257aa51fdc45176cf1ffac6a0bfb5cf28afd,"68,037"
0x22ef8c4b9855b0453e06a3cc6ccf314cbcea5773,7
0x2a3e411b9bcf6729059d0a62f0488b589a1a4f98,2
0x2e74525c491954be67e8847b087ed1c3c988635d,2
0x33feab4ecd7e9d491037c050e29b3f29899e7048,10
0x3b22779a1132c405d8a92e241357fb370b279889,"44,526"
0x3ebd8fdcb70c4b4985be48b057ea16309eec19a3,1
0x42ba3977dedb68d1aa284847b710b870cf8217b5,15
0x42ea07790394888473865edde8769be21163156e,7
0x44A0Ad6e696820fA192a3dcf37d0cC55a45cBc38,47
0x475f1a89c1ed844a08e8f6c50a00228b5e59e4a9,26
0x4bf4660f95a7a1489cc5f6c20e95e6ad7d4f88c1,31
0x4c961ce47d5278678253323e7aec14e37333f7ee,6
0x4ddc2d193948926d02f9b1fe9e1daa0718270ed5,"278,523"
0x5eD3C9089Ed0355bc77CF439Dc2eD28c4054C8c4,5
0x6b3e82ddc85710ed9c32c61b317ade1b2a80fc77,3
0x6c40878a5e53d893e979e5d45a64d9bbf884b31e,22
0x6c6a59a7346df8e95f7a0d07204f88e812dc726e,3
0x70acf0475645f71f2cdd21d47e17b0336f0f7543,231
0x71d6a2e473e92d63a676b363d1e0fde4675349fe,"4,850"
0x74a30d0ca07771fbd450ef4ded357e2e688ee59f,63
0x75e48C954594d64ef9613AeEF97Ad85370F13807,18
0x77a277eb906cb43db80ed3acad3682c125d2f923,1
0x77b4acc38da51a0e77c77355cfd28c1a6619f6ba,225
0x7a31c8fd5ced2bd6157b9c2dc345ffd680004e9b,2
0x8f61263c2fb127a326e421ac5aaff51b4617099f,128
0x8ff897d81c36f19fb7db15b926fd99c1bd81edb4,1
0x91f576acee97b225c95ba5eb137744798d6d0cce,1
0x96f6cd23fd450d30a12ea0d14fcecc8ae8b4bc25,3
0x9BC2E5F9b741c854e7FA38161e3AB47fC0f3178C,12
0x9c666c69595c278063278a604ff12c70691ab234,"2,194"
0x9c9dfc7d43eff21fff9183a860d391a856f0ecfe,25
0x9e30a82e98c17650b4e4ce6c45a9779349073b35,7
0x0028b2ec9C4703F3C8F18e38AA02c047D7b8AE80,1
0x07658107cf02559a307cca6f2e63991387d479c3,1
0x0cdd78c34a4305234898864c1daccdbb326a520d,3
0x1fb955319Dc73750Fc4915045be40bd463730696,3
0x23d2374f10b02f1c866498f3f534a1f24c9341b5,3
0x2867e2d426c091c07d5d32fdbd58bd8b0259b092,19
0x2abcce8b749ad92596dd8bc9c871fbb6ed553229,2
0x2ef52Ed7De8c5ce03a4eF0efbe9B7450F2D7Edc9,"19,535"
0x2f814E83E9204b8243F4d541Bf1427C109886E67,2
0x3171781bcfCd9E111225CDB42f33E856BA9F7A5a,12
0x3528C164e3fCA20E2333Cf58Ab4B1c99DeF83347,275
0x46ee0eefe6d8d7bb757d3fca2713a18001fb71fe,1
0x497c36d9e6e39b3abc339f856565029532fad63d,10
0x4b97a977e5b094c38c57eb3fe2bc14688a2f781c,15
0x4d6c7bd06515e66adf7214ddca8ede4fc1c3c6f5,2
0x52fdf7316f72209d9a010a29d7ab34f29fd9ef17,2
0x677a17406738e44BB58a8A04D6e18249deaAf355,2
0x6c40878a5e53d893e979e5d45a64d9bbf884b31e,22
0x77e8dF7f436Fdb8d6d3554de02526C39104f7B04,8
0x791bedaa0dd173142311005bb65b58c284cc948c,1
0x8041ebdae1358d79cc1c2813b61b7f8da3323d38,1
0x9fe0d438e3c29c7cff949ad8e8da9403a531cc1a,"1,136"
0xa251b5690908e36F80965cE750fa0b87fdE1EE3C,1
0xa25Ad02862756680Ee8aE7aa9ccC37D3d3F75A4C,257
0xAccE090ABee68402A2FB8E3Acbc31b58a9341466,2
0xad412acc218777bc129871f37bb2b278c48f085f,1
0xae4c306ce6641e1276c57473f2c2953841f0856a,1
0xb494985141cdbc0b7af274a716038bc26c4eb184,3
0xC97D1afEF1E886849f63840566aFFE9ff9Ec3328,1
0xca763db3ef49dbedd62bdb15d23d6bcbe7347c98,"3,872"
0xcC4D9E47c0c43A384A205F954e8a80C2a2e9d0b1,1
0xddddddd1fd4e3708869c00cabe6b0b9d15181bb9,"59,477"
0xdEfDCCaA8177f54EB5aeaab28CBEdC21a47E8BF0,3
0xec7bb44fd9a199aba45176abb67d4ff5058490bf,"1,107"
0xF0c677394C5FE4AA12175738FBe69e3c78997c1D,1
0xf30Cb0Ae1879b18dEb48932A8a6F362e5789EE01,21
0x02cc8f37c64c48cee5e3b81d8fe803d4968312ee,605
0x02E3048e9eb0d730Ca3F5f47B890c83d571D9A35,3
0x0a1386b0c52c5f230083071b22e2864efaefbc9b,6
0x0b0129271D69B859F8226757902e18997A29C0a7,2
0x0bbad30a2c895e6e14f9735dc481fd37da797920,1
0x0c314260eadeba0cade6d58f85cfefd2cdfc7601,1
0x0cd57d43cc275cec1a2660ca145e87c664e4748e,34
0x0d26363a3a78315f440a91ea4af7838d21bd08be,29
0x0e5ad274d1fc232555286246be0bad3affb2f4cc,3
0x0eb43ce1708f415dfb1734a3f69a89403011a4c1,650
0x0ee7ee94903b46e7860c5011e6c52f535439d2f4,17
0x0f6a47a1b9a16b7ab16a39d94c14b06f3e2c66a3,12
0x0fc84ab084a08971e6f52a9da41bfae82b546ebe,134
0x0fd1021a603b347bfafdf028b56b993ca652c034,51
0x1a10ca8f3024175417bda3c596223552e17c884c,10
0x1a6007d1d0583452bd6f45a4e1a9190b15fbd7e3,1
0x1b144cf7658a6dd0a0c9ca41c53216bb83c4f403,3
0x1b9cf2bDaeCD0c597391943f3ff8ba771A692D41,1
0x1c8E3d04d04EceEbC6cE5925e7E715d6195f0189,15
0x1cc00898c955b2244ada8032082bf205b79b3d98,5
0x1CEe89ae9B3E388c48f672926b367f7dF40456a7,6
0x1cfcc600ad16525a4e6eb7cd4f8dee96c02ec064,125
0x1D1388BFC8eBBC34c8e50d352a02756260f712E8,320
0x1daaa369dc59fb021c147c2a191e6d180e981cdf,1
0x1e71c74d45ffdf184a91f63b94d6469876aee046,"23,717"
0x1e9682d8c780790a5d5a9cb234634c8cc849e0b5,1
0x1ecf1d36c17ce812ea61213d6bda78684e776f79,2
0x1Fe2A612545Dc6f6C7Cc942346762bc76ac99274,3
0x2a22012d6Eb68f9470053ae71FF4B2D1594A7692,4
0x2A88696e0fFA76bAA1338F2C74497cC013495922,"4,746"
0x2a9bdcff37ab68b95a53435adfd8892e86084f93,"14,151"
0x2b6dd33b57579d93f0fb799abbc47e16d589a024,"1,017"
0x2bb33dcf5409cafc6262a7df7edd06211522a346,3
0x2c9d7512dd4d68578b7728777b95478a288e0d93,311
0x2d08ade361b43f89e4da90f589cb80555c3191b4,124
0x2d4ab10a0aba7d7feebea2b0fc07d93bdaec2714,1
0x2d7ef5876d4173922d5a7fcc6978c24d815dae3b,126
0x2daae64cc8516187c9d2ab209f3faa2f83b246e1,28
0x2dbc2423931d870933813945a4c5aeb7b45a72ce,13
0x2dda85bdb6e977e2637a09913cbe7419429f7819,37
0x2E07199C4aDc94633E83674aeBC08b359d188668,15
0x2e548308807788818993dbd8eec17e3e046aeeb5,129
0x2e74525c491954be67e8847b087ed1c3c988635d,2
0x2f3236a341a1f64e16f5c3c5a020f5282a63921b,3
0x2f6753304c2c20aab4b12c46706341522a2e9542,9
0x1231e1822c530f200922570b3279a09deef2df88,3
0x143bc913c564ccf8be0e312a11ec0374005d0544,3
0x14b3ad912dabbd1938c3b7333065f3efdde9ae42,8
0x19df418e86906c0fa594f175efbe2f706a9ef72f,181
0x1a44a855030651f427c45964616c48753fd22723,3
0x1eed423c87cd013fea4ce7759cad67dd0c8c8b50,38
0x2021f4207d97f643a506064ae4ffc2815b576556,2
0x2545ca44b7220e4a640b40696e7318b360e18920,12
0x279b5f62d78d038041da4cb80c198fe804d02322,15
0x282e86f4163b37c940be484e3fd2cc74bf9c2067,10
0x2c0a32e0ca9834587d1336fca21db7e873682fcf,94
0x2d7e683299d32487913909ec7fac7a83102f8138,1
0x38b1ec4474c17aa604c0cde1cdb8cde5679145e7,691
0x436a5a792261d3d154f5d22879e2565981d03f6b,"3,829"
0x44c30d0822d4d295b0a05fce2528e15857586c85,1
0x45e1f400df464efee9535b27dcf35624ddc228cd,49
0x46dac43ca95e316ef2124b1a4dd7806e93106c42,148
0x4c4d56ea13c11050bfd660fbe85a8b0fda962823,61
0x4c854e15c2acbe3a505dc33eb6b72b8fc8a0ff00,135
0x4ca0cc70198cc83e04713a4d37d165f5e91e9aef,4
0x515f29d0865991e5e7d1d3641dffe7d9d8bc3471,8
0x521a2ac7b33b09fa21a1ad7c040f4e1b5912c1d0,"2,704"
0x554e3226C32d6FD9c71ccd744C1DaA1689b07d15,1
0x55f2039347564d206ccc6e6ce202853fed386dbf,473
0x59becf2cfb5c38fdb67edf778b07e2bace3bdab2,36
0x5ca38529875e1f9b96b6dde0fb1a35eaaf2066e9,958
0x5ffd7d72678fc532e379f671cdc1567d9977b27e,8
0x60c690f68f14f57ec60350d9b7601104390d1eeb,1
0x61f8330c0464d0dc3ea2253067cb29f9b466f2fa,11
0x639cff3936ba73fced75f9ace328b7e72d85d933,"6,388"
0x8607eac2215873044c21273385de8c3c2103d982,2
0x91AA1D4294FD16629Fe64C570574A550827b832f,210
0x92a8e355caccc59e1a07a2daa19fcd3e8ecaeaa8,1
0x94b293e5b5d016e2686a728652efb69e0cbd4073,6
0x9756efde2db2667b9b42f52a1d9b414ad138105e,179
0x9a5423038bade592e3e35ac04c5ff6813dd3e7df,4
0x9bdf81e6066d32764b7e75a1b5577237e06d9364,296
0x9cd109ce683f1fd6dad21693fd11352ed909135f,1
0x0000000fdf9eb269b38e39e058f45d7d0ddb60f9,"20,155"
0x00ee41dcc47045a85bcf7784264f23a6f8bad35c,13
0x00fc270c9cc13e878ab5363d00354bebf6f05c15,712
0x05f20fe8a29414708210ed9be4c6dac95310a324,6
0x0a6bb2770450f8bb7cc0b42ee859ac7f9177010d,2
0x0d3d6e72ec72d2d84fd1c47539c02b2031ddbd90,11
0x0d93a7028c7cb9a1014917d52747c9bc210325cd,1
0x0eed488853d116944e0c07dfdabe8dfee12061a1,7
0x0f216323076dfe029f01b3deb3bc1682b1ea8a37,2
0x0f398a2daaa134621e4b687fccfee4ce47599cc1,165
0x1b10e71a1b41b74ae555134381a5e1f6ce81e693,2
0x1bc0e13113d4340d8ae4d594aed8b7054797056c,12
0x1cd2a911a28a034da2645fea802e280253c7f527,165
0x1dfb7700e67e6046898c2fefe160fb53fec3a27c,10
0x1e54c640eacb49ff1aa2d9c478246540a468e86c,61
0x1eB47C01cfAb26D2346B449975b7BF20a34e0d45,35
0x2a24e8e824d4e92f397008c99dc9469e0c4c40cf,7
0x2ada3f0bedaffb5f3dfe0aeac43ac34f893d02ea,10
0x2c29f5e1604a7c4811cf51c4b71115c6714f0a7a,10
0x2c3e6737c3c6f7f60aebf2a9b5fcc2a77927e2a9,1
0x2c74cb216ff1fe2b8bf389403cb7c745dbb0a750,10
0x2e4BFA61391230013c30deD7384DD80E282859c8,3
0x3d89a9629e36379914b559297bf887973292f9a3,2
0x3f9c0211e9ddfccabd614162ffb768f5a7a8ab38,"11,332"
0x4bcad4920be1ca53f27656db49d31b23f9725ab0,47
0x4e085036a1b732cbe4ffb1c12ddfdd87e7c3664d,"2,017"
0x4e1e54e7af6b2afc8f1e2eea35825bafcef514dd,2
0x4f0ff600b47e18b5878716a847b29e5f44050d1b,3
0x4fadfc53dbabd88ad01538993f8dba6b99430c81,"1,015"
0x5b82b3da49a6a7b5eea8f1b5d3c35766af614cf0,"26,397"
0x5c4e325d2c570443f4ea3ed5623c58de221e9475,191
0x5cece14b95578285ea6eb393e84a6df84fc521b9,175
0x5de98d690e021b1ae355fe23964be28fdd5f750c,2
0x5edf5432c6dc5b42c9ec01fa9443c3ac89ca9686,33
0x5f1a08554f0dc0cf79852c564a10981ffbd7c8af,118
0x5f9565ea3f5a3ce956702608310db548469665a0,2
0x6b8619880430a76a8ad02d6162ccafafeb57bcba,23
0x6c970e1c693829b96e8c82311a0c43a8c809df4c,2
0x6d2c508fc4a588a41713ff59212f85489291d244,360
0x6e53130ddff21e3bc963ee902005223b9a202106,68
0x6FEf7b02eE69DFB6F8F0018d2163d37b02E22729,4
0x7b832f4bf6beb150c78757b8a03a680345e7c2ad,1
0xfb84176fe449b51661757d7c45d6ba8a9877bd5d,108
0xfc8fab237b49f148de2ff4085c0e3a72dc8890e2,1
0xfef8f6f68fc44ecc5104b6d51144e3c679547434,4
0x00000624264253944a702b8b812ae7bbb46af371,1
0x003fb03e851f435e79066dcf652d84b53f1d66c5,48
0x02cc8f37c64c48cee5e3b81d8fe803d4968312ee,605
0x02f82f30c8d45373619ba39344304731785b704a,6
0x07cfbd07b34e7dbecc189e5b66fb517c2041fd13,5
0x0a9b8a5d1a5fbf939cfd766bc22a018c5595fafe,1
0x0AaCfbeC6a24756c20D41914F2caba817C0d8521,"33,312"
0x0debc9f2e528fd490321467755d9ff43a9d66aac,2
0x0e54321b72691550f5958886aababa13dc24352b,4
0x133dbfdf74f565838a2f9413fb53761a19f06adf,900
0x13bb68047fcca765e70e116efebf651ae16b1848,1
0x148fabfe726359fa8eb5d72eb270773e3f5c507d,278
0x1994b59e02cd0d09d839b03660c205e88a929b81,1
0x1a9ecb05376bf8bb32f7f038a845dbafb22041cd,3
0x1b6d706b6d3ef97e6d832a89cd6af81959ad46cb,1
0x1c263a6405e588da80e0af2d904551d9d0eb6043,2
0x1cc945Be7d0D2C852d0096A8b5714b44eD21D5D3,341
0x1cd03b5bfd0a137c25a66ddbeb7b7794fc8f2706,35
0x1d8a3ff449c2baab6aee62f514ae0db7cde4ae75,34
0x1f1098fc04a2ea73d4fdaf50a4659b21273045c7,11
0x1f6e0a3dcadbcd86e5dc5f7157b5802035cf59d1,7
0x20fa4f8f8039b5dea5950c7c52bf27fa747ed531,52
0x221657776846890989a759BA2973e427DfF5C9bB,"97,716"
0x24bdd87f2c286025e0eb84e4f919d48f000d301b,430
0x2b130076e95eae41119da05777152dfc440ef1ab,8
0x2b1398bff4485ccf6ad5b2a764a00ed2b5fac34e,165
0x2b218de8fac80b7360098854e85a259ca5b84986,1
0x2b8766109b67102fd198965e2dcec9b5f0ed3e43,3
0x2EE6bdcE7DB00eFF193bc5170b94A230cD6c6FD6,9
0x2f11656af5d1e9be634a8d00417cc05ebb43fc08,"1,440"
0x309a758f5f33bd4418876b32d38c8d15c59c7799,29
0x3227bb83f3f230c15f8ee4a78a655f06c8004cad,6
0x3507f7ef566a523ee63663c917a0b13092736e81,1
0x375c3222bb7d4834B4381ABD4ED15DFF4d4c0A68,1
0x38aa0ad304d80a892e1c3935f488f98387753940,454
0x3987dC5E72CD99e12cC98eddD65ed345473aFfD3,212
0x398f6C9e0a6490DA189885283880Be8DF92bAd36,940
0x4ec3bc3f1ad02cb60ce08afe88eecacfe75a4a73,8
0x5924d2d44bdbfa652ad32959a89bde627723393c,2
0x59e35e233541aaa297fb141579b42c739a938c84,12
0x5c01ceB9498329b94289aD847297AEbDa86F829D,1
0x5c6f8516ade54861c3c833787f22bbf90f5ee3ff,61
0x5d66c97f63a561d2f244877566de9aca22a2edc9,906
0x637B2fb28A9B0d5Fc320a31121b4c9f87b30e45f,36
0x680ac5ee6db009cb7f10d745ff8c45723463edcd,2
0x6c257e99ddb591d019eea0e08a329555cedc1b15,335
0x6CbfF439F27d1e3431d912B6a0817d7a95596877,2
0x6d902afaa4c6d67e8035ee9dd7c9e8821a2c0684,7
0x706060B2AB63c6bF37B40a702A78DfB6502b9C2b,55
0x742d2f4e1c2983079da3efc42fae30badfa50b65,"1,256"
0x764a5b7399d552a029d6c8e4a2a71bb5e9c82bd6,5
0x77e8dF7f436Fdb8d6d3554de02526C39104f7B04,8
0x79cc265b6c7d1e76a4b37b243a034303f90883ad,44
0x7b3bd25abdf9ad61db39f645738c7b0f38e51d9f,74
0x7CD232014C63d218d67E06C9CC56205098a4D54c,1
0x7ce662974fbb9b590c60dbf99f078120405ff0b9,4
0x7e47c04a41a78f355c33a94cd3889e4551121ae1,3
0x80C1f0479b052bfA95109B5EF38bc343Cf7fCe31,1
0x8496865d44ea69540aDE7262621469DED2517815,1
0x863d8e96b5d00d2342fc46c527b002326b9813c2,27
0x867904b0582b3A423bFB9d042042562Ab47Ae028,2
0x884d2d79657bac17b964bc5d8bdfd80c3712db74,1
0x88b3d0a3db7f63f750dcf0e7959445e67953c1dc,3
0x8cdd68dd765fb292b7ca8a9b74a375d38e608b86,62
0x8f23fe8b4d5884746d4cf67563233d999664e82c,4
0x9075118e1165e20e9fbe9cd92449fae8bbf46e12,693
0xa4b01a89162141c58505ea43db2d3bda71a325c2,2
0xa5503c4227bf8c5fcbab84cece74009de5fc3e71,4
0xa586d9387ade74576a7a38e3b00f4446c3a73936,1
0xa6f897fc27b91fb3ae4819ce3430a203c878f74b,3
0xac51e74bd668f1fe7cdcb86279131a32cd7d530d,7
0xB01c66E73f0083fD64f0c5d923f1242ff6f5b6fd,5
0xb0a8ef7699ef82ba43cac7e9d22791e3ebfbdeeb,4
0xb23af634e2b58d75e6d14a0cd6684ed06021649f,5
0xbb1e3e729d7a6d1dabe182897dbad4d96e7df1e4,80
0xbf053d05e4697b949709309a59df6b95a757dc9e,1
0xbfba9bb4205e3dae556ae235b2e9c6a814225324,52
0xbfec1b4c9398600fe2cbc918d500e494aef3e6f5,594
0xc31c61cf55fb5e646684ad8e8517793ec9a22c5e,9
0xc50fd991bc8008928853048d0a4f9fecf3a5e8a3,1
0xc8f4df60d0a8b106ea5f83eda40081a8250c9e07,6
0xc95B41df94F3890122B2bcEf9005AFDe17773dB2,"14,002"
0xce8296f1dacd7c6eca28453f37fe15e0596cdaea,2
0xCFC9C95513cCa381FcDD8d2d4934671b5b004AAC,1
0xd0dee86f367707d76b8682c135f1e32963e278d3,135
0xd120f23438ac0edbba2c4c072739387aaa70277a,"11,166"
0xd2f4b62e5a2e0049eb15fc390e29e72d61572612,"7,909"
0xd48f71c0efbe44819fac1606ee8309a9808511de,12
0xd55d0bd49816c7B4B852d7Ed7b06899ec20b0A03,1
0xd9d9e73488eb6a9a6230116c4dcdd56cd62a1e71,101
0xe0935b370244064ce42246b613806bfae2f8c7de,2
0xE1ecFf44e00Da83C1BcA98e58Ccd5E0DeDeeb972,345
0xe2dac396a586977d312b45be75c6eab91ff75233,189
0xe2f2a5C287993345a840Db3B0845fbC70f5935a5,"44,932"
0xe84146e697d9a9c8e304728c48ef6181ce7d4723,1
0xee44d7496ac94523712042a7a6ba73d0d7c4f112,2
0xf1a475a72872c013b178db293707fb243021ae3c,42
0xf6eb94e64fc7789a57fdf89fe2ffd2eb39b252e4,1
0xf71511faf5c4e630ee1cd5a782f73249c89b6a87,3
0xf746d1598e985443a9eb225bfbedc9f415d7c7ed,3
0xF9C8ca8FE9E00786bEE5D914072Eea5A0510F5Fd,1
0xfb594b9a0cacd9a4e4c506b4d318f7a7aa1cadc9,1
0xfDB5f665c12569d34066862808eb6Bd4b4C58158,4
0x00cc0e1C488E188922aAc9F1703A6F1961c5854b,1
0x056e963f69e5fe8b28591cdc469ad671d245dc0d,2
0x068d8c19cf10bc4a69f6c4a9ae9a48f6e251f3ed,1
0x0ac7bD7Ae9d4eAbe2c50400cd9c1aF349deFf495,1
0x0e46CB9AE8035F090318E2fb231D7117F1fA6dCF,1
0x0f449ce32456fbd823b7ac5d162826cd34c48784,1
0x0f69f08f872f366ad8edde03dae8812619a17536,"1,107"
0x1bca809593f99853a42ea8d5f1b78ee6186f30e2,8
0x1cd2a911a28a034da2645fea802e280253c7f527,165
0x234C639e284df4Bbc1f028249d13A9De2E3A48f4,2
0x237edcdd43349227ef511581cc834962ecf23076,2
0x24bdd87f2c286025e0eb84e4f919d48f000d301b,430
0x289a7d1d22abf90595b4f8d109e7de71f03d42d4,2
0x2ab22d3f1205b9f523ebe80ae2853f7644830760,49
0x2ac9F89E4133A7B50d0250Ba62aBA925e89235bC,1
0x2B6D87F12B106E1D3fA7137494751566329d1045,"42,037"
0x39aa39c021dfbae8fac545936693ac917d5e7563,"449,133"
0x3a29f2cf1120b9d65131079390eb8aef98c4425a,10
0x3c084bb4be74b80ffd90dac43230dddd01eb2841,6
0x3ebd8fdcb70c4b4985be48b057ea16309eec19a3,1
0x46ee0eefe6d8d7bb757d3fca2713a18001fb71fe,1
0x57d1585168bccafd2475a53cc8b519b78cdf5fa0,4
0x5acba53f0cdd75a75fff96a4440b927c0eee958d,3
0x5d3a536E4D6DbD6114cc1Ead35777bAB948E3643,"203,958"
0x5e4efa02717cd9261000d94faf79fc54347006aa,12
0x5e85e89612b448d79b4e865645caa347e60b0e3f,3
0x60Ee2Bf08548f594749a0b982480E38C66fF2aaF,1
0x6c6a59a7346df8e95f7a0d07204f88e812dc726e,3
0x6e6ea783a5e6dd093639586b2182183eb2e6e121,152
0x6e97be2a3b38861b0a0d33117c6100d82346a96d,1
0x76bA4f62F879fBDBD61A6fcB5513C817495280DA,4
0x771ad2c58c747b428beacd389896650dd826d150,1
0x78c00ff2edaf96a18f88a33392ee933b5ee16740,394
0x7a5bdf93e46f21d27d4c721f88be7b8cadea6ef7,5
0x833e440332caa07597a5116fbb6163f0e15f743d,7
0x87ee9bdb7241ebd95b22c0237e7bbc5d6be658eb,1
0x8a2110cfcd869b0fda2e6d8580913ae408275015,75
0x8ff897d81c36f19fb7db15b926fd99c1bd81edb4,1
0x93dc6a333a99c0ede1cd346ccf079ea8451013db,32
0x96f6cd23fd450d30a12ea0d14fcecc8ae8b4bc25,3
0x9ac7B28A7e684d1b2776d6b9045E8f9150F58401,76
0x9c04a0ee12db18a6d861c3e3e59cecfe2943fd1a,3
0x9de152c32d820eb2e1df392854d4df2f4f305530,2
0x9f14689cdf522849816d5fc960645bc747f64468,5
0x000000007f8ea40a849c00ef59b8690bc56d7d98,4
0x00000000daa80e2b0694604fc3644b0016dd56fc,11
0x01Ce398A2A59d164f366762EE70c596de06E9482,35
0x06a8fee7a607c5c887f5f0672f7d8849583ddcc1,2
0x07cf8f81852a58dd26fa19e69545f72e263347e5,4
0x0AaCfbeC6a24756c20D41914F2caba817C0d8521,"33,312"
0x0Ac6A1D74E84C2dF9063bDDc31699FF2a2BB22A2,6
0x237edcdd43349227ef511581cc834962ecf23076,2
0x246c1fcb82fead8e67a364c13c5e410923f42369,68
0x2c0a32e0ca9834587d1336fca21db7e873682fcf,94
0x2ccaf8b56e2464fc3f6d53e7500c6f23331c35e0,843
0x38c859Fa4C06DC01c879D9e5d419c4154aA2b760,1
0x3a4ff19554b0f997a4cef14a8860dcf813b738a4,2
0x3add75647681d3ba7a4ecfabf75d393936186a2c,147
0x3c98b61ee05c0ac38276275b688d4d11a45d926d,260
0x3d9819210a31b4961b30ef54be2aed79b9c9cd3b,"141,955"
0x3e7a98b71fbacbca632bc52033d6057e142a0b33,1
0x3f8a2f7bcd70e7f7bdd3fbb079c11d073588dea2,"2,920"
0x467e9f2caa9b7678ddc29b248cb9fb181907bf3e,2
0x47e5a70ac1d912a15051fc56a08321c2210eb5e5,92
0x48acc9ccee8b3581325fdf5171a997b02e95f781,88
0x4bCD9B34560a383fFadEdD4887e05bBA3009080B,3
0x4c854e15c2acbe3a505dc33eb6b72b8fc8a0ff00,135
0x52fdf7316f72209d9a010a29d7ab34f29fd9ef17,2
0x59dDF1901f38084eF22c6b810c3A8fb73cEEd0E6,1
0x5db4364cc0959c224f7898d8188413c1f560cf48,23
0x5e3Ef299fDDf15eAa0432E6e66473ace8c13D908,"4,260"
0x5ee66ba3e2f8c870866cc6892b985314e904d2c0,2
0x6D7e9Ea014817Eb72bDE42235641ba15eb04D9F3,7
0x6e729f0c1590b4c7ca7883376f9bd8d2d6aba149,83
0x6eefae076aa3a4f83cecde690672d5735f169ace,2
0x7e17c0247dfece6fa0f36396df4b46680c175156,5
0x7e384d7103e5e80b1929c74304b2c8cb0bc65766,9
0x7f5a8e08a693ea75d6ee87de54886ec013f31e11,6
0x81dafb4637e1d0a17a6b2726e8c742b3a3680884,201
0x82FDD32E998536609b624e033A16A879D2eBefE5,47
0x84d9e80D3759AADB5658bcFFbC54Cd2Cf0008b81,21
0x9a5423038bade592e3e35ac04c5ff6813dd3e7df,4
0x0addedfee0e8a65c9a60067b9fe0f24af96da51d,1
0x13a399fe6c5b38b247e1477016f5fc7c3f6b3ccb,31
0x2e320fe846581f2ddc73ca391cbbe01d9968d5fb,71
0x5890f3bb950d0f8a2f7caa7bb5119d8b69495665,1
0x76a6b003c39c1eb38b96aaaa1f551e4c6ad3de5c,7
0x7cb24a53b623c0bd5e70a73377ad78330bbe17ea,58
0x8ce837d6e4da96a25c3b2cc4c27a5e6813dd95f2,1
0x9240c2d6e42db74a5a0553b83d21298304eecb9a,111
0x939aa1eca62ddd3f782a61c1b346b53687252ef6,13
0x93dc6a333a99c0ede1cd346ccf079ea8451013db,32
0x992447bbd9d9e1d98deaa7d6237b3ebd0ced728e,12
0x9bdf81e6066d32764b7e75a1b5577237e06d9364,296
0xb636d0c2021569dcdc9607a7ba4bc7f05095fa55,"5,562"
0xBE7D77A4be50EAF8E34Df74944bf06AB9D08773D,3
0xbe970a5e3d4430587e5973a4a4fa02edcbf3aeb9,20
0xc9109587a84522508e432daf4e1c5d64893dc182,2
0xd48f71c0efbe44819fac1606ee8309a9808511de,12
0xda4C9Ee8373Fd1095379a3Dd457A0c78968aAF03,35
0xdcaa27ebf3ae8452d2528b4a9526b65ebb10b2dc,1
0xE56AD7dAaC1C4D809C42a047113177E7B43502A7,2
0xe69347dda5ab4df9d2cc269c53f515ffc0d40f7f,5
0xeaf28dc83537cd526f703ee7157a55beac9e073f,257
0x05cabebf2f2ad6f021872c609345173311be63fd,1
0x06f997c86aa88ac040c69c691c86d2739556286a,6
0x090bd1a0e5b2dfbf310f48c1c3a4efffbe2bb53c,3
0x091e280aaf812e4cec2a006e28852f736795e58e,243
0x0dcab3aaa2c8b251a50eb4eb6002f6ae51598aaa,2
0x13bb73376c18fab89dd5143d50bef64d9d865200,646
0x13cea6116941c33789f0d357f22fa972ace64e4f,5
0x26Ff5a8D3D912F21208818f32fde1D6B71dFb2BB,1
0x2a0f5a9515a4c4579d1613e047a8c380b5994339,4
0x2b959ef258370c7a554d2bb052b3bc062d17e758,"5,812"
0x2ce1cb7f7b8aa04dc78cf1435192106bc4c394bf,110
0x2d7e683299d32487913909ec7fac7a83102f8138,1
0x2dCaD61350EC531910Da683d396d92e3aE5E5C8d,2
0x2ff99b333552c9ba046182587ec40c6b705931e1,1
0x34d50B679Bb74a3d4D27A82594e527Aea78ec548,405
0x36a3ec9be5a7ca6ab39a79cf5b7cf3fb6a11859b,3
0x36b3382b8d215658d76f3526c999e55ea3b027a0,1
0x38d807c350bf637e97911be1c447072e8de25d01,2
0x3da83a5c8ac6d5c07e06e89f68d038658de1ce71,3
0x46fca52c9510ae98392c3fb63839955bccf8ebad,1
0x4a15d42f6973827352412731344ca4895ea85939,3
0x4b01790f35c599d27a7b09b8c635f99ac6134b8e,3
0x4b9ecf8a0a67c16ad5850c9ab3afc692f65e8815,15
0x4c854e15c2acbe3a505dc33eb6b72b8fc8a0ff00,135
0x4c961ce47d5278678253323e7aec14e37333f7ee,6
0x4f1721ad662351cd63c2fd7259aff9a8bd27a0a8,1
0x51bedad07ab8c2470556d565f98307d89380a6da,15
0x5a7802e66b067cb1770ee5b1165aa201690a8b6a,"3,331"
0x5c56b0503dfadcff7d8b0c7b0a42c5ce0a074021,2
0x5d1df39f8c8278cc95d078c992eff355870c5d38,12
0x6a7d59012e9c664cbd3c2927bc5b9b0d804b582e,1
0x6b9ee9e79bb893d394da79e2ea51685d1855318e,12
0x6ce4c70a396aade6d02d9ecb39c5f863c36ff1ee,1
0x70b5e65102654dec5efc40d02bb33a4495ad8a2f,4
0x78ff1069b9088690f33ae9550832b97f06e5d555,3
0x7c9f90ba0018ea82044dab151fe1db056716f2cc,3
0x7f24e3bdc640dd1db413b9e1d68977653aeeda7e,180
0x0fd1021a603b347bfafdf028b56b993ca652c034,51
0xa76ea705783b595b420bb36f196540a2ed629673,766
0xc32899cf9b04c3e92409140b15b5b628f8007bc2,9
0x0c0f90182f3685de19474bb69001eb5b8d038276,51
0x0c9423f96fe7aff683ba0cf4605a07ffd6a90389,11
0x0dd491854a19ba0e48d824eb179026463e218790,3
0x11aab899d51f9387f2a6eef9238951da7a0c340e,"1,876"
0x1CE7ecAB02B163f376E7ec026e6755626f14B289,"9,439"
0x34af7d560894ba46a02a8c4b496f87ee98ffb7b9,10
0x385f83cb8b8c82693b0ccd85c08140b5218410cb,1
0x3ecabbc9f7aad28d454084ea9949339baa745b96,12
0x4161f319a1ead2a0d84c2f51cb9050853075b5aa,1
0x436a5a792261d3d154f5d22879e2565981d03f6b,"3,829"
0x5994deac891353c18e2918dfe83f0c9bb18db492,25
0x61e80e4e31261df601b0d5bc479eaed5249816b8,"1,417"
0x73da1793a35c467af5798d42442c5da4a5cc782c,1
0x7437c74eec06b7ff9a03f6afd87ab61a72cc8ed0,125
0x7a5bdf93e46f21d27d4c721f88be7b8cadea6ef7,5
0x803bcff6ae51952e1fd0e9f7c5412171834fa9e0,"1,527"
0x88c5cd4f9f135ae71aab0ad4258d4ec3a32ad99e,1
0x8e64649c990c74aa55df1d651cacb5beee887a46,1
0x8ea3ad006dfe4db8c3e7895b0660d562b0757aa2,5
0x9a997293FC2617C54F88f16fA1B934f0821D90C8,1
0x9b4fa5a1d9f6812e2b56b36fbde62736fa82c2a7,141
0xa404d1219ed6fe3cf2496534de2af3ca17114b06,263
0xad76c6d58d157557248dc015218baa0edf350520,1
0xc617c0Fb33B7B6413b60beaB1bA0979Ae3166f54,1
0xca9af520706a57cecde6f596852eabb5a0e6bb0e,479
0x06ec2d284764c510816e2433f5106fa6d7a77fb9,27
0x0727e6688c3cdc4177beb65fa6c6670830d7e4d7,906
0x09a0cbeeed92206e34dd679624f58b74567ca8b7,51
0x0f6e71454c39126baa89ed8dc36e3d4bc5d06f3d,48
0x0fd1021a603b347bfafdf028b56b993ca652c034,51
0x15055424b064d8206e4a43f4f447daf68f43218c,22
0x28e96a2fdc4c0536cb8e251e6665cf32f16be2d2,2
0x2b1eb94d2aed2dea74d85a6bac5f44df03b8dedb,"2,987"
0x2b41b32668def3c3a366390225704356eecd4609,3
0x2be4d44273f63cd58185eda0d355df63dabbf561,40
0x2c74cb216ff1fe2b8bf389403cb7c745dbb0a750,10
0x30d8e3be65bff4d345d8e0f60d3536da41c508ff,11
0x339109c3de40d6dee3e8540ba04aea218275c896,13
0x357e53a1ddaed13b106799638fef9416059223dd,15
0x360625ba7bce57f74eb5501fd2b75db8f85a85d8,9
0x3B8c698C5bDaA059F93Bae370F00a01c4fA5352B,12
0x442dc4dbb08e8a2c4dc8c28cc2c98369aecccd26,27
0x445b774c012c5418d6d885f6cbfeb049a7fe6558,"5,206"
0x49ee1555672E1b7928Fc581810B4e79dD85263E1,6
0x4ba012f6e411a1be55b98e9e62c3a4ceb16ec88b,"4,385"
0x4fd414c5ac6f8a17834d704ab431921ee93a4f2d,42
0x5890f3bb950d0f8a2f7caa7bb5119d8b69495665,1
0x5dabc0ed37d881b1b09707e0a894301adafcd4af,2
0x5f2de1593e7e297c56dfb10d60e356a937dc4939,28
0x612efa32e2aed8730d17b70ff71e7a29d44a7908,67
0x63a6da104c6a08dfeb50d13a7488f67bc98cc41f,147
0x66dbd20915f0f75b0dd60906d94f250c523abb24,1
0x68f989f17ce7e21b1b82235a89098a00771528ef,1
0x7e43fe8ea9a433cb848ddfbbb54c9ad1fcf25856,12
0x7ea33cadd5a0a7264b7727909ef49b2f90692a01,18
0xb62869987bd2cb0bb51fc4438ca2de940ed37998,1
0xb73263a7291efcb5686f5ddea3d8e6cac9b3073e,2
0xb791B258c49451fFD3A5Eab293ab71cBb99FfCa1,9
0xb895fa349864b0fddb71b7e8c2234bfdefafb51a,4
0xc06926e80a7bf49b1363b93c88d70cacb1f8cec9,1
0xdf920992b6c33f9e0143633dc6cc38917c300335,5
0xed324e10e9ca6797412a1b7d1666594fc73eea50,9
0xed93a0bf115382bde967b7ded2f06c692b71634e,409
0xf756042f382f081954cead84ddb9dc9bbcfac0cd,66
0xfab8e55ae02826bf6e849e8eae78c5b8fa4182f3,16
0x00ca5b4fcb1680c57da0a5a6c94a405822f960ab,1
0x02a9bb92365b72fb735364af2af55ebfa9eb02c2,19
0x02c83f4e1eaca0679659be3856f0623cdcae912b,2
0x02fa887e599c645da178513162ee00119e779178,4
0x06a225f6af57e8332bc2426e2320062d143be322,235
0x0a009afc32ac649b619c947b96d27c7a5dcbdc85,8
0x0AaCfbeC6a24756c20D41914F2caba817C0d8521,"33,312"
0x0b7d947978290fe4fb7e3cd0ec590c56b065299c,4
0x0d0c17dd9c8031d9cf49f24ea61ddd6553a23775,401
0x0e5d3380806f947b151fc3c9ba8946453fada97a,863
0x0EbDB778b88D73B2C513B53849724d8F30363Cc2,278
0x1b30a057e4211bbd45db5ff6477cfcb625d512f9,6
0x1bfe989aaca0b3ac1817d23bb145284fd3c0f421,569
0x1d780e3b769fdd3806358842dddd5609ec85da47,90
0x1e05791c32a09C24A79410Bf0A0731e23144e419,6
0x1e15abf152067e9fe4a48bbf094a71f5bb16325d,"1,899"
0x1f7f65b220a0f2d48b28390380f57468e7a382fe,7
0x2ab22d3f1205b9f523ebe80ae2853f7644830760,49
0x2b0edd293958e5d19db0003556632add510833b4,3
0x2b959ef258370c7a554d2bb052b3bc062d17e758,"5,812"
0x3fe92d883b69c716da757706b235cb7d3efc4938,1
0x4acb1b920f78f2c2346b23f6076abebe9a8fe1df,1
0x4b6ddb08e3ca085dd52266e7fd8ec91010f6f8b5,10
0x4BEb2CA7617F8A5aFac0780C77d819fbc5B086D3,1
0x4d3eff43d6cb25b8d444ff02531213930fa1a06b,251
0x4d4e7e573e24dc2703f3dcd65c603eeb7ce9de81,1
0x4ee46dc4962c2c2f6bcd4c098a0e2b28f66a5e90,5
0x4f51b25232324bfa7591768c8b1a420fa6d91760,5
0x5a35eea4eb5b6ceecaf819d922808ed1a61dbf23,1
0x5b49dfdd3a3debd3a237ef116817ab48c2820d19,27
0x5b604ee6f7d2277e2704e13566a93c97a16b75a7,111
0x5b7820E62778C7317403D892f6501DD816F82730,111
0x5c1209acd4fae170eea93c830a0cb74bc5f9ef2b,"1,296"
0x5cb5e2d7ab9fd32021df8f1d3e5269bd437ec3bf,38
0x5ee66ba3e2f8c870866cc6892b985314e904d2c0,2
0x5f177445a512c1f3ad97d785e24cd6174320a429,1
0x6a61da5e3e26e38029f36282331f2e6b2624b202,5
0x6ad3325c9ed7bf0c556c9ba9e05ba77c1b10f4b1,15
0x6Ad76D980D4d4Aab9B3BBDff242F3480b4d37B04,1
0x00000000001e980d286be7f5f978f4cc33128202,3
0x00000000002b13cccec913420a21e4d11b2dcd3c,9
0x00534caeb1c9a7fbe59449653914eccd4bcfbdb6,5
0x035bfe6057e15ea692c0dfdcab3bb41a64dd2ad4,"9,226"
0x044ed85880c7df6c1491b140e46af893e0b30b77,2
0x05d27cdd23e22ca63e7f9c7c6d1b79ede9c4fcf5,"2,880"
0x0670e207ccc46c18fc38cdb3305c5a0e889eb4cd,2
0x068d8c19cf10bc4a69f6c4a9ae9a48f6e251f3ed,1
0x073a2b757da52563d628ff2d01584a0b95174b79,6
0x075f0fa71550ddb9d10bedd55e717f80176b0481,96
0x0bbad30a2c895e6e14f9735dc481fd37da797920,1
0x30dbb5e8118525ef1ecdbe9589d6a3a57efefc18,22
0x37513f5bf029d7c3e1fd8e408bbbd89cf91d11e7,2
0x3b4bcb4f6f0ed2ab247061c368cc043a98ae0858,1
0x40561e765d4614980260cc6cc143fbdd2f7467c2,4
0x405a62de424dfa7f275bcd2abfc0d0f54b4de7f0,21
0x42afc7798a18e7ce82aaa8965ac64b5662f954d0,4
0x47f0622de95ed6fc707ee8eecb967d79d84ce344,3
0x48a34b6fdafe5d548db23133a26ec85247ca6edc,25
0x4a8ff60fd09478198f1c76ff58f94c1cc09729ce,1
0x510e21f3fa2c6669fe4b4eb09b8d05b5a3f437f9,2
0x527CAF0E399F83CfBdBd2C65Fb691Ca39ad4E1d9,1
0x5528eceefb715035cd33ce75d75bc97f05cf8c10,197
0x5700a90e868d9c6777fb17db5eba26a46a66a456,1
0x591f32c722889339a7c91b003639101355e3df0e,5
0x5B9B839dCEA8EAeB978698e8f606519265682cD7,137
0x5c69bee701ef814a2b6a3edd4b1652cb9cc5aa6f,"1,051"
0x624ab8fae7e0b314a7ebcf7b012e919cc5f746b7,14
0x6508fb1ed4d7ece18dfff05c834e44124edbd910,1
0x6620b86470cb499290139376f04fbaf4607d3009,1
0x6b9ee9e79bb893d394da79e2ea51685d1855318e,12
0x72cfed9293cbfb2bfc7515c413048c697c6c811c,"17,839"
0x7a31c8fd5ced2bd6157b9c2dc345ffd680004e9b,2
0x80dDB6404e022fe98961d6CCaf401077DB920824,3
0x8296bced40ba067a1de30aeb5a294258c16a0473,211
0x894ced16b2710b90763e7daa83829fec7ebd31e9,1
0x8b4f1616751117c38a0f84f9a146cca191ea3ec5,5
0x8c53cfb77a47db60d0f325c5e54081e540808786,7
0x8ecf7f54777e458c754ad30d9db0f6a9f9e45911,16
0x9c1A48a8A9bd4345DCc16d65F96f20417a7DAacE,1
0x9dd24a962fe469967762b56f4d3f63f89fa4e6e5,3
0x01b85861a8f278a627a17d86c7c7dfafd9281a15,2
0x025daf950c6e814dee4c96e13c98d3196d22e60c,"3,568"
0x04f595cca0c090c39d1026b7b7938574171f215c,2
0x05b08e91a4071a2a5edcd5f750b0b7f2da0f70b6,22
0x095d7847945c6a496cad77bff0687a1bf367ec4a,"1,089"
0x0ba4d8d080979c1742833d3398fa8230d9d6f146,122
0x10E4638BD51b37b3B9aD35ABf3CC9160930EaD75,6
0x174b0b72ca036b0b64f190ed83630751195d3362,"21,342"
0x1b596db0d33a3104b01e707505f97f84a828f82f,22
0x1C2349ACBb7f83d07577692c75B6D7654899BF10,"28,801"
0x1e0490cD098B40e61E3370489a0333F6c9e31467,2
0x1f42f986f9ef31d6ef787565b211bce0eb877bcc,6
0x245ea83dc835ac37cf7d75cd8bbf4407437e3492,4
0x2af6ef584c8937fbec4a8f50ae5ed1fe6c47bdc6,1
0x2c1564a74f07757765642acef62a583b38d5a213,"2,020"
0x2c55f6284caee41d3bcc33305cc54d5e0bfb0bad,5
0x2d984c14b8802aeca13b58a55d6ee33847ef5bf6,29
0x2e3b2c353deebe50153ebec88958df860cbf6060,97
0x3a29f2cf1120b9d65131079390eb8aef98c4425a,10
0x3bd183046cf51acc807d1f0680029fa764f17bee,30
0x3ef0225882b6154bfe27c6c7bcadca02f5f83b35,1
0x3f769651a307c92b7339282d5efd0fd9ad67f41e,9
0x46cc7ec70746f4cbd56ce5fa9bb7d648398eaa5c,577
0x49ee1555672E1b7928Fc581810B4e79dD85263E1,6
0x4c131366246b50017f3eed0bd82fa77c77a7aa9d,95
0x4d5772434ac61fba198414668b94e24112f0cc40,1
0x52fdf7316f72209d9a010a29d7ab34f29fd9ef17,2
0x58BaB52A511c747335D3Da53Cce9a6E7beAbE950,1
0x5a25fe235158327074ddb95e1daa8db53fdd2d72,281
0x5e37996bcfF8C169e77b00D7b6e7261bbC60761e,"3,166"
0x7a9E457991352F8feFB90AB1ce7488DF7cDa6ed5,"2,225"
0x7d31632aea29078de3b6cc99b93f1e9993d6dcfa,7
0x7d5943dfb6ff3303728629cf066b6d7cfb22733b,6
0x80dDB6404e022fe98961d6CCaf401077DB920824,3
0x830afc4c0897a8f84bbf77f15ba35951278e4634,7
0x89f46caed4ae4727292ec31b30af1b2d4b8905e8,91
0x8a807d6061ac959ad32415bfa8e01e0980a6d696,21
0x8ae58c5758aa574361c67716675efc18f96285b0,2
0x8cbfee972b40c85fb34b53d69a82d44cf40c20c1,25
0x8efc4b144da218886201a77e2f94c17b3a5b779a,807
0x907cfab561d4963016a77e8b72b74b400e36c4e4,1
0x99d9b19c9470a6af45124398fa6388cce781ecb7,2
0x0202Be363B8a4820f3F4DE7FaF5224fF05943AB1,"46,697"
0x0249fbd4bf6f1054a7b45e23e24585a1c41a086f,2
0x03c302f638d6773b40af8d02b563858a49c5cc23,1
0x0b55498fdc04d10673d8c1b47b203c2db41d4dc1,2
0x0f49bf7f221bcfb56c0be8cb90bab4cefcef90d9,1
0x12a9d37fb05052a465fc27792df1c4033c6433fc,14
0x12d102f06da35cc0111eb58017fd2cd28537d0e1,"8,847"
0x12d288c45b7948a2dabd67c561dcce17605ade98,174
0x139e56b9ef46bbb061bbeff0f7f0bb6f41c40d55,7
0x13bb68047fcca765e70e116efebf651ae16b1848,1
0x1a969239E12F07281f8876D11AfceE081D872adf,780
0x2df1eefc9eb42ea6d22bd6388bc91e880068780e,4
0x2eabbd19b7479342b3c518afe2ef08435e2a9e15,25
0x2f979C933AEF4fCDdD27C0Fa5C54d8a780555b0a,2
0x301c790e31663112fdd7267b711353b470421e62,"1,958"
0x30dbb5e8118525ef1ecdbe9589d6a3a57efefc18,22
0x38C39EB589190A9520c9f699BA7F9302170cFB5E,70
0x390cc97854f85ddb7e84229589b3cc7be16cf0f1,26
0x405a62de424dfa7f275bcd2abfc0d0f54b4de7f0,21
0x43f263e363c0c2e39033fcbd9982b78a42d43031,"4,797"
0x4ef275998c5b7c6148fba8c7c92fc070e0986500,1
0x4feeaeced575239b46d70b50e13532ecb62e4ea8,86
0x55b4d72474967ba1d9a1da5004c82a52ab5cf487,7
0x598bbb5819e8349eb4d06d4f5af149444ad8a11d,16
0x5e85e89612b448d79b4e865645caa347e60b0e3f,3
0x63a6547ba6bff7438a7d5e1117e5e68150ea803c,1
0x65cccb605b11b3bfbaf9af94b12655a804f3a54f,90
0x673b6f0c00a4700b7616808adb380ac2ac91ebda,4
0x6aE216804535F7A62e8b2A0d7588808a441851bC,1
0x6c146d74fd212a5950e765c67bd0871c47418c7d,1
0x6C97f8f274e3300Ded3Ea5B6d377f8C7cEeBC9BB,7
0x6ddfd18b0abfd138399afe16295233efde9b99a8,8
0x70acf0475645f71f2cdd21d47e17b0336f0f7543,231
0x71f57a1fbf5b8c7f6274d16276f0398d45eeb2df,44
0x759aD2faF96Ea898D00C924beF110beC22032c05,1
0x78b0f6cad3A447C288211bC158e608F308626456,2
0x7a58da7c0568557ec65cd53c0dbe5b134a022a14,205
0x7b8c16608ceb6aa62ffc2287cf6706c322c3f967,8
0x7F92BB5625AA76669aFedc4292067e2daF2D3D57,183
0x7fc66500c84a76ad7e9c93437bfc5ac33e2ddae9,"858,956"
0x811a7f70d12fbd29ec494edc75645e66f5fcccfc,1
0x8aedb297fed4b6884b808ee61faf0837713670d0,"1,738"
0x8e4ba3cdab76f7476dfcbf95d43263c6cec937b1,15
0x8f5b53af19b5054161009020602ea9e066ae959d,20
0x94e18801ab975a1f2cbe42acc2eb49dd1edd7ffc,28
0x9fcf3d76ad7b4a0cce2532b5d7c7b5cdeb517534,1
0x01aaf00b615d97360e80ef1242a3935c8b7d529a,3
0x0651d35ed665b42be012b622d1e97682f5d0dd28,12
0x20bba3921b799194393bdda659c3068868fbb3c5,5
0x2121a1b68e9c2cc8ff4bfd8bcd0f891ece331c51,"5,748"
0x2299a91cc0bffd8c7f71349da8ab03527b79724f,"1,680"
0x2a3e411b9bcf6729059d0a62f0488b589a1a4f98,2
0x2ac4a0788ffcc9fb1e50f8bf81535974d8a1b710,17
0x2b959ef258370c7a554d2bb052b3bc062d17e758,"5,812"
0x2c3177cfa17a8e10dfc2a39a572652601683d95c,5
0x2dCaD61350EC531910Da683d396d92e3aE5E5C8d,2
0x2E49cab231386478C56173B744eA428f6eDc94A6,4
0x3b4bcb4f6f0ed2ab247061c368cc043a98ae0858,1
0x3ef9627119b12c985316cb192d7409308c89f2a9,22
0x4bc1d23a8c00ac87c57b6a32d5fb82aa5346950d,41
0x4ebde83e7f375ecc9d051ee2f7a7a4132ddb2b44,19
0x51c29281740880058aB575a64232F404fD9a18C9,64
0x5652fb0e62f6ddb958cac8ff48b62c9c8f96701a,2
0x5a50b3d55e9a1089029824a26caaa8f2abfc4bb0,"19,072"
0x5ac203c782fe5b74ece9cb4ed13b0597bb5c872e,22
0x5b49dfdd3a3debd3a237ef116817ab48c2820d19,27
0x5c345bbd249ae342ddd0c029b47713ca0b5ead56,1
0x5c56b0503dfadcff7d8b0c7b0a42c5ce0a074021,2
0x695a029169b28dead555295a93e8c46492211eda,4
0x6e3877c06ed82a47d6f8a576ef2065bfd77431fb,3
0x6f968fc93c23a877f0c3415534a8246fdeeeb09f,1
0x6ff1722ed92cb5ad4b2e7c85b8d44c4d8f9e7856,556
0x70acf0475645f71f2cdd21d47e17b0336f0f7543,231
0x71cfecad8257b17023dcb6a09efee97591f6507a,59
0x736d22180993e20cac87E9B2035560c1De455027,1
0x766eeedd3e7ca0719ced7d0a94df4af9258a7e82,2
0x798b1eed1ed90df11adcd688bb42888dd20ca0db,83
0x7cb24a53b623c0bd5e70a73377ad78330bbe17ea,58
0x9cd250f2e01f8fd0cc4178dd6ceb405c506908bd,2
0x9d1cbf4ef833340120e721e5028c326ec1066c7e,239
