add,tx
0xd46ba6d942050d489dbd938a2c909a5d5039a161,251938
0x5d3a536E4D6DbD6114cc1Ead35777bAB948E3643,203976
0xba50933c268f567bdc86e1ac131be072c6b0b71a,133611
0xa315bd2e3227c2ab71f1350644b01757eaff9cb4,119673
0x8a2279d4a90b6fe1c4b30fa660cc9f926797baa2,86941
0xfd61352232157815cf7b71045557192bf0ce1884,59819
0x2B6D87F12B106E1D3fA7137494751566329d1045,42037
0x431ad2ff6a9c365805ebad47ee021148d6f7dbe0,42005
0x744c9c36d1cc3268a4b9b2e28c60b1752c85e97d,39690
0xce00901a0638d758d6f89d59dfa32120d2259b0c,36932
0x37ee79e0b44866876de2fb7f416d0443dd5ae481,36712
0x28cb7e841ee97947a86b06fa4090c8451f64c0be,34955
0xA5d7d68D7975e89FEb240f42feD1D77bb71b1cAF,33231
0x07aBe965500A49370D331eCD613c7AC47dD6e547,28001
0xdcc27bbaa14cafd8a6aeb847e1b01c5dffb70935,25763
0xf51EBf9a26DbC02B13F8B3a9110dac47a4d62D78,23634
0x4e352cF164E64ADCBad318C3a1e222E9EBa4Ce42,17427
0x34d6a0f5c2f5d0082141fe73d93b9dd00ca7ce11,16421
0xf2f22cd890785034b8531f27aa748091417ee015,16058
0x56bfead31c2c6a3bdeb0891fab022c0b90ea43f1,15742
0xba2e7fed597fd0e3e70f5130bcdbbfe06bb94fe1,14819
0x5d22045DAcEAB03B158031eCB7D9d06Fad24609b,14350
0xdc350d09f71c48c5D22fBE2741e4d6A03970E192,13569
0x70861e862e1ac0c96f853c8231826e469ead37b1,12359
0x697fc9371a33a98078543b777ca7d5c8009d6d0b,11214
0xcfbf70e33d5163e25b0dad73955c1bd9e8cd8ba2,10978
0x1dd80016e3d4ae146ee2ebb484e8edd92dacc4ce,10025
0x382A1667C9062F0621362F49076Ef6e4fE4C9eC7,9731
0x4fd2d9d6ef05e13bf0b167509151a4ec3d4d4b93,9448
0xbd277e47d0ecdd5db6c57eda717dd8f5a329edec,8886
0x5c40ef6f527f4fba68368774e6130ce6515123f2,8529
0xceda8318522d348f1d1aca48b24629b8fbf09020,7567
0xde725d5d8ba8d45a66e2196aa4423f26505c39ac,7111
0x2A8e1E676Ec238d8A992307B495b45B3fEAa5e86,6802
0x0e6ffd4daeca13a8158146516f847d2f44ad4a30,6629
0xafb43414e6344f6310f29e9d7dc95d817ffd89e8,6490
0x2fDbAdf3C4D5A8666Bc06645B8358ab803996E28,6229
0xda0c27269c049e915e2cc7e5f1a7a2f838ec8dec,6193
0xca3239a9aca196de1af4d0eca6d669e6ebf4ba8b,6143
0xf1145745ad0abfc7587cfe3b4d1c498be85446c7,5930
0x1a48be4caa967ec77033de5ddf25f0ac7735d3b1,5899
0xef811e8ea1c406cd1df7c953e45acfc4deb72e3d,5299
0xc7c752aef02152af47aca5733e9f641e39e28016,4982
0xb8c6ad2586bb71d518c2aaf510efe91f82022f58,4887
0x71d6a2e473e92d63a676b363d1e0fde4675349fe,4850
0x739763a258640919981f9ba610ae65492455be53,3886
0x02f28544c89b2d704eb0d1f9f4fc60d688ad8959,3864
0x7458fd786b2fe8cd801c0381f88b61c5071a006f,3818
0x66c6e6be5736046021381054d26e15a2f123d8f8,3817
0xdd806c4fdad2949a97fda79036cfbb8750181b37,3414
0x59e7b5db9be0bdd26fa048d39e01fee456ab674e,3367
0xad95a3c0fdc9bc4b27fd79e028a0a808d5564aa4,3291
0x341ffd5852614e6a9189dc2931cb7ec3f10605b0,2998
0x370de27fdb7d1ff1e1baa7d11c5820a324cf623c,2849
0x47632da9227e322eda59f9e7691eacc6430ac87c,2753
0x7c84124f0f7ff8adfab6c4c51ebc09c439ca91c1,2693
0xff02b17386f94da201cff84a6a7482ec2c452ef3,2692
0xE8a76D2f37Fe50B6A95d27FB92291Fe0B57407d3,2587
0x6b6bcb3a53597075474183e344448e06bc0d5fdc,2584
0x84Be64aEa04d10919e763170f4cA1b904Beee02f,2481
0xe8e507d131b8f6ffd76fa4ce73ddf8dc983362dd,2448
0xcf8048b2d336c569a3985bd93cbb91b758ded178,2429
0x59848d60c34dcd2686d7f7918bd240fc1890208e,2393
0xa397ce97fe3ace26c0916a8f1a4b4cd536f92354,2383
0x2e9494387868eb9ec6997b711d655de82f53713f,2366
0xcec2387e04f9815bf12670dbf6cf03bba26df25f,2299
0xe968ad47b1c071ea3905ef982833552a495d6213,2275
0x556ea1fe7cb0964e7de8dfe6cde63f1e40908541,2171
0x5c52ee4cde4604c4df27ca283b90f9e722e875db,2042
0x4bf331aa2bfb0869315fb81a350d109f4839f81b,2012
0x6f90ed0b3e24b0bfa5d775bf902f0ff40949a289,1937
0xa6FB1DF483b24EEAB569e19447E0e107003B9E15,1777
0x957b28f93b0e01557e21e6c564ab26ddc2d18ec5,1676
0x0257e647404ebf460266048a2b87ed352fb45c7d,1570
0x39fa206c1648944f92e8f7b626e1cbdf78d7e9db,1505
0x8346f3074994fd9a813c735d629b257d93780eed,1448
0x2f11656af5d1e9be634a8d00417cc05ebb43fc08,1440
0x927c993100ec88012afebf1bff292cf2d4c6317a,1440
0x1F6deadDc2a81704a206Fd587D8e3643BD2d449c,1366
0x1337def1e9c7645352d93baf0b789d04562b4185,1305
0x3afe25a2739b5c2e08cfec439f9621d91ff7fbfb,1302
0x9cb085053fae27adda04c09e2ba1af61489bf741,1288
0x66149b85cbd202eaf4a93713702a7e94fc1121a7,1247
0xd9a340502737dc652b1e1973a3f4b02a471a98af,1232
0xb71e82daaa71b772c97d10c59093c10bd7f98218,1196
0x67ba643d6acdb7c12f913f0bbe4632df9889e0e5,1158
0xd9bae39c725a1864b1133ad0ef1640d02f79b78c,1154
0x6c19e4cc4c87adb224697a1022f262b424f44d46,1087
0xf28d3dcc9b6582f1b2d49ca850db1360571cb633,1087
0x0733d47e9fca3161a443a0e16dd8c94e0059da28,1070
0x36b68E098D02a97b70fD1b71df1E805ec3D4E4d7,1034
0x017eC1772A45d2cf68c429A820eF374f0662C57c,1022
0x4fadfc53dbabd88ad01538993f8dba6b99430c81,1015
0x03b42a5e68d5a0bc47ad52d1decf3752d6091264,921
0x3d0c4e9bde15f2681902f9f291b3c905b7ea46f9,918
0x8382ADf670cb280F2f318bC2446be3860758aEF4,917
0x0727e6688c3cdc4177beb65fa6c6670830d7e4d7,906
0xf5f310b4bc81917c39a73cfec2c1b36325437fea,886
0x026BdaC2F308C0109A864138CCa1a623F7828F4a,850
0x559604845ffc64a05f780ead75249c377b1dae57,844
0x4DEcA517D6817B6510798b7328F2314d3003AbAC,830
0xa3149708cb9d9bd31cb5c8f5c107d94395b7ba64,825
0xc1ba7dd597bf71e233f5a89ef9add6d1296efc34,817
0x08399ab5ebbe96870b289754a7bd21e7ec8c6fcb,781
0xb9eb46ec61d05bf42128fb1343a934deb469f3df,772
0x0765cf324be6074add63b767f1dfe9a979f3f6d3,737
0x7b4a7fd41c688a7cb116534e341e44126ef5a0fd,721
0x19933559f653b193dd5f3d82685d5b04e726f5e9,719
0x311c6769461e1d2173481f8d789af00b39df6d75,710
0x32c9f03490a9f560eccc9f107e71560c1b0a2535,676
0xc350e846e2c57f9eece90febc253d14c8080871b,650
0xbc7f402f3bc1c6d56c8041f551b47a0ad7714d1b,647
0xba23485a04b897c957918fde2dabd4867838140b,641
0x535bfc6883442f2ebe26171c2716cb25b623792c,619
0xc0e3370e89bc41c740822708b79d791e6528267a,605
0x9523FdC055F503F73FF40D7F66850F409D80EF34,598
0xd3d427d5c2cf01f8dc1777b27719b1d4ce369484,594
0x01877a9b00ae3c7101525721464f3e5840e07f49,588
0x5e5bc236d024cd26be780802aaf1e0dc118fc484,573
0x1D35C42e9dCB5C5343Fbd70fE73b2284D042d082,569
0x7f1cd65679d73eb98fcebe8b61c13d3d68605717,566
0xdde73732248f4d11a918eae83cebb034cc69875e,562
0x9Fa160f92A10b431F255BF1a70a1c1e5808E5128,529
0x90dfbaDDf8f213185004bB200eDbB554E1F13D52,522
0xda393f62303ce1396d6f425cd7e85b60dac8233e,522
0x50642710afee0ddf7ae8d9b0c13c745c00b1a439,506
0x0085c150c1eb0e084e50a80bea91bc414aa6cbaa,500
0x1c478637deb86a26e14659211190104e70fc3091,459
0x43310bd1c8f261ee7b9025662207ed95329aa193,459
0xfe0fa672ce0afcc28683883cc3acf595af17b056,447
0x82763bfdAF8c373D660311BA0E6C12F47c134932,436
0x091AC882E57b89e071c8B153be3Aab668A80303D,409
0x022302f2520aFDB08463F204cdeE4BDFC213A387,366
0x83a954afa081bc306588f76bef55d4696cdd00e1,359
0x2ee3c3d83a40c1d45b315567ffe1534e21a843d7,343
0x0f90969738c7a3088907c052cb96bd4d184a9fcf,336
0x22f0338689e304b00360ad3fe60d6245db346570,335
0x07b33c29960C005889B5F3746667a0AA7D260166,332
0x2f37b7f2a3b7f1d2ac6272fbcaaaf2743c05d02a,328
0x2784dcd08f4b1bb25af84fd0b702e2aa5d5d1d64,326
0x40aFeF1b846D0a4EEf601Cf2B2117468eF63643C,319
0xa689dcea8f7ad59fb213be4bc624ba5500458dc6,311
0xa8a804aecdd1cc6eebd862bd98e9feca5d17bf5a,305
0xa80e737ded94e8d2483ec8d2e52892d9eb94cf1f,293
0x99D05fd74d5D4619F81e9908719558EE536B9045,292
0xd10a9343a0981ccd01b06303a2cd88e089bf1dc6,276
0xf55186cc537e7067ea616f2aae007b4427a120c8,276
0x98C51906264ef99B7cF02a60c6cCC81C898C5fD4,273
0x1a16e1894df4579650e1e611e5b0b92eae478bb2,270
0xf1014e5cf27b9f56a66dd5acb2af9f46dab42f00,267
0x3c98b61ee05c0ac38276275b688d4d11a45d926d,260
0x6a973275f5bccfe0c7309c9934d7f945c3138dfd,255
0x3a19baa9052d801da9b42f47738c2714efd0f0e6,254
0x5c758ba243f128f0554752b0b67bf002fa66e776,240
0x9d52fd110a3405f7475a4d7e90b83cc4f1a51c4a,238
0x9424b1412450d0f8fc2255faf6046b98213b76bd,237
0x12345678979f29ebc99e00bdc5693ddea564ca80,235
0x0212fc2a0e2f5573155359c80f87318d926561b3,234
0x05e7b38931948e10171e643e5f3004dcd0bef22b,226
0x406ab55c0bab2d4a3361f87f251211c3090d80bc,220
0x21ae519ea6e7df4fce20a1d1d94abea60ae5ac63,212
0x443969c7957f00371fa8a8cf63cdbb7812e2fb8b,212
0x8868ff4893113193313465A0Ccc5F1bd370D7751,211
0x90588dDcB6716EcBDC3BBB6890fd4de5518CC307,206
0xfd73889c1bfef0bccebf72451aa90e2957ea5009,191
0xc749e590d89fee2ef9edc612a4818c7e44e0c030,190
0x19df418e86906c0fa594f175efbe2f706a9ef72f,181
0x43d0111ec0584381077a598a1cc5c1fc72722e6c,179
0xabfd235c6ff1b3e6b52e878f06130e9ac1b2ade4,166
0xa7d768ebd9915793393f117f8ab10f4a206875d8,165
0xd1b183f425f7e6a0c83ab1cd84cfde2d84ba049d,157
0x089a0abb6a70e01e309a33650cca01fa18ae3a03,156
0xc46ef00408b400975b375ba81c6c227bb62c6539,154
0x339da9e0cb5a4f44e74cbcfdd394d707e6315545,152
0x8fcb0ca2e16cab45f8f0c6304d2a022b6dcda3f3,150
0x7c4a8a449a9b1548b06946d2fe41c66e5b9d2fd1,148
0x284D7200a0Dabb05ee6De698da10d00df164f61d,146
0x95c75d1dd457f4ba97ade8db5740e56a442b5331,146
0xef4224fbe45b60f661afbb6c7eb072eafc6d5621,146
0xd93f403b432d39aa0f736c2021be6051d85a1d55,142
0x39f93fe9b95f23794a195cc95bc53000c6140085,140
0x876b75fac0f1b9c659dfa60201bb13b5aba13edc,140
0xf0ac1928cf8a2e29829e78d4c8a40b8bf5dd4329,140
0x21bdefb9b43b2e0ba739e76b6d8c9be0476e0509,137
0x69fb5f70bedc6b14a2c89fbdfbb687d9022bc441,136
0x29949d02d60bcd28421d686fb2144c7ef0a7061f,134
0xad01f3d55014e399d3238bcb097346556eaad765,133
0x1d3be23c6ebd498f110ee2c5a673519c7d8060bb,132
0x7f1fb08f61bd938ae8808bf6a97dc5e60f9da282,132
0xb9c3b3a0d8bc7caa61fdd63ecff482e4cb9cbc9b,132
0x92298fa0647b5dcff6eeabab97c9bd81b5c30d06,131
0x0e414d014a77971f4eaa22ab58e6d84d16ea838e,130
0x189fdb81e99c9c1a442a7e4b9cf4a389ca7878b7,124
0x71e1c7f1656321a51def3050A53fD1c4d0b09D6a,119
0xDa534b567099Ca481384133bC121D5843F681365,118
0x4fca89aee1bd76ddda71d98b5944f65b31ad336f,112
0x0b971799f23477086951b29ee7329c04d910a51f,111
0x5943a67e4375b556df0856fdf08f972d02677b78,111
0x9c0c41deae93535a5ce08ec42f60ef7172ce0b8a,108
0xe687951e1b7049f4aea2d6598a20a6f2eada09cc,108
0x3447123eb0cb68bae9367ca36b79b086ec5eda6a,106
0xf5ce566843abc2c673e23f08a219c2f377c914eb,103
0xf9ae4f6b7bcebabc894430cd04382d256715775f,103
0x3Aa9F1660D85A383de4F7620d7Dc6CaD1c5663C3,100
0xcf3dbc9dcaeb6936b8cefbf9f81b655651a92485,100
0x56f95662e71f30b333b456439248c6de589082a4,96
0xcda92212d1e6a269288456c7ed1ade35efe87def,94
0xfa517cf8f786d4e41409af3822e70383a4ddb2c3,90
0x161a5d1fc314727ba7ffd8ef166f32ca30ff87df,89
0xa5c5c8af327248c4c2dce810a3d3cffb8c4f66ab,86
0x380f34b1f08b1073132583c9a55255c94824f9a0,84
0x5f9505D8Ad3D92E7507b9966f84772993A26356b,84
0x71d2edc7888dd67dff650cfb3da4f203aa026518,84
0x5E7db2FFc5b2c7C47103e4F21C702bc402603fBf,83
0xA673195752D21406E0cda9d7F00cD19647a1a92C,83
0xd42365bc73abbeb4de6a6e42053ac466bee2fe22,83
0x856cf133be039168e3877a5914940915cea0e928,80
0x409cde438aa416d82981b16d1c08448aec467439,75
0x6022c6c5de7c4ab22b070c36c3d5763669777f68,75
0x75019407B9f8f30f2b1fD3e4905A0A39eCC14817,71
0x395f93350d5102b6139abfc84a7d6ee70488797c,70
0x727412db12fed07386235d1474257dc15302cce5,70
0xe61d1e87b8294aeb149f7ca95240d4c5905ab121,68
0xf0105a8ca3ff1bddbd4b42cd1380d4f1cde663b2,67
0x7a3faab02e2f8b72d6f95a094e62ab57f784b061,66
0xa5b5b72362654adF78f6e89834dB80F2cbb9da14,65
0xc0183b13230990900fbd404c42904b1b8d0b601e,65
0x117a025695edc3b7644aaf62c5bc93b90be0ac48,63
0xb9c39dbcadc3497895497554a62a12458e4fed23,63
0xaf63b83a990d1f22e4757f3e2381331fa5bae3fc,59
0x2ad0cc678c0f57aa4a0c3c4a0b3dab6ecf293c26,57
0x5e9f58301ce9f437e9a79bca1645659c335b7f38,57
0x2903877Ab5529182f0F6a4B6fb7d3C05aC82EEA8,55
0xae4d2f099a4e8515ca2fee6c438aaa19e0255dd6,53
0xd7ba91b3ede1698a7d1f991d7d5bd9c0c8995a58,53
0xb8323cfafb0e6cc60ce332f1181d56e91ba0d8ba,52
0x1c1de57cc864072f7eab381c4c06b14a6963dd4b,51
0xefd6c01cde34571fb4c3fb34bdc94356c2dcb42c,51
0xf02ee4842a13bd966606702101c96994303d720d,51
0xfc86c646d2c90e38e0f0af6d0baee4ea95aa4893,50
0x3cee283d4095083b356c000e9c0d80370d44f34d,49
0x7cdc00c752ada35deceb23895a0dd1db92382937,48
0x0E573FDd3c5acf3A74F1775b0F9823a1a0E2B86B,47
0x37a8f5f64f2a84f2377481537f04d2a59c9f59b6,46
0x57e14e6adb5a7563ccb5f974c05a661a95241680,46
0x9a5A5B88680c6F6AB55B371A6178Fe5b58562fdF,46
0x41630a33d4d6e3767e26aaf50277ab2a235edea3,45
0x28c57fadaf89f2ab6f4a12972007daa841b9cfc4,44
0x79cc265b6c7d1e76a4b37b243a034303f90883ad,44
0xbcc27ab6d061aa1df25132c5c168dc1dd16159e5,44
0xe5b7273976a1b50eb1d8ee5a341d8bbc9f1233e7,44
0xabfcdfbbad82917b0fd0bc5fe546e4f254979600,43
0xA834ef911CAD0eaa9C4D3639052F81501fccC01C,42
0xc78fc732480d1437b3ff6061cdebb20d6dede8cb,42
0x67b366f3cdcc5296937db9e7949cc9300ed8fd5e,39
0x85e694c6745a0b087517f63df1a9d2b01e514028,38
0x7a222dA5383bD38e3cBA987a19F03d576b4cb21f,36
0x112570655b32A8c747845E0215ad139661e66E7F,35
0x0cd57d43cc275cec1a2660ca145e87c664e4748e,34
0x229da872ceca49d039ae5bae7541e6c9972b6ccb,34
0x999f59f5d12c3983b510c9e1bf431dceae10ff8c,34
0xe75ece96b0922803faa31cc9c043cc9481d83ebd,34
0x5038615e221db8a298b38b9dd83a9c072c4910f9,33
0x7502931720447014d198e3405bb1c067ee641102,33
0xbc05889af534ea29e333fe5fa9bc9b4767ca7653,33
0xf9ce4fdd0e6e3d1cfb629668960a3b6b2712a18f,33
0x5d1f5a28f3e6bee839d2ef239771ebb53e1310d9,32
0x79c8b3355b311b7429dfb8ed3e9d9660380be2ea,31
0x84d40b26da4838eacec9ea1822db346e0f185086,31
0xb6ab412eaceb551d62f8ec63a1d2f30c01e3a2c0,31
0x048694443ce5587f76d7233d0e475b14000a3f5c,30
0x9c5f7D682613a3148E4c2A44FA7cD6fAC67cE461,30
0xb570a58b574033899b6d2150996637bc11b65a84,30
0x4320dbe35dc99fe24c5fced479f6b7f5521dada3,29
0x7359ea6af994bef790caeb8ae31619ea20a8f7f3,29
0xa803d717cf4aba325f1143293b087aa0a4857a02,29
0x10d90e070cda4c9ab8b79b6430ecd15352364bdb,28
0x964c1f7b4c7f5433cc9b2398cb78ddb9d76d8832,28
0xb9Bb032206Da5B033a47E62D905F26269DAbE839,28
0xe4b533bd99384e9af7008ea9addef84437936ae5,28
0x32640AC5E4B60C7f7432693f7585a095dAe6a6f6,27
0x75aa2420cc9c1ff3c7d87b2140c269e3d0178eb4,27
0x91461ecd8e9bebc82391d2af77aedff861788047,27
0x956ee5ca197d1d81913de0d68e97b5c261f5d64d,26
0xae8f37f0e8ad690486bfa2495113d7e94b7a7ba6,25
0x8763fc303a5c3698776ef63c190c25d29eb4698d,24
0x53a91b4e973f3bc5be97a8cd77b35ccb2ceb6b4b,23
0x2ede6b7fddb1f1536936f1c22bbc709e8c19e5f3,22
0xcf8ecdcbdb7a8a8574a8f71d4818c77b1f74cf6e,22
0xfef1c85bbef5f1229bc9d5d9d27414ae0137d5db,22
0x163d8e4a326119fb2342e2efd1bee2be0f31788f,21
0x19c8ac33cb42c67ce69bcf4e52466a955d46f866,21
0x6b8651b5ee21dc2b7fbe0882f467775dafcefc4a,21
0xce952f518aed9670fb04b8b8ece2654a94188ecd,21
0xf30Cb0Ae1879b18dEb48932A8a6F362e5789EE01,21
0x1a6f08a1e51f7772083c737b322762e294ec1dcd,20
0x2165b3800B17224De39303c240a41064179Db0A6,20
0x231C66E7474FC300b000b35E1CF321D2405bb9f0,20
0x31317f9a5e4cc1d231bdf07755c994015a96a37c,20
0x3feeca6f6d6c498cd72fa1c83fdf6fccecabbdcf,20
0x8f5b53af19b5054161009020602ea9e066ae959d,20
0x403fc67bc995aee4dae6f5461788c94c977282b5,19
0x4cbdd3439eee2c76b03203c6573515d8c17056c3,19
0x4ebde83e7f375ecc9d051ee2f7a7a4132ddb2b44,19
0x37b664c70d091d873573f559f78224e0ff5b9626,18
0x45dedf22641ac5902779904ec3fb393e0f8dc8b6,18
0x54eb0566562e3e80919d00d84a8258b04c438113,18
0x913b5d0ececaf3a6b267d3ebc29f3361e6e75633,18
0xfe60cef62294f4efb43ab65b47558113cbe19fbc,18
0x56a08dfff9274cb89cc854d4b1ca24dc4f21ab0d,17
0x5858244812bd7733be6fa7fcc45424a1584e8bfd,17
0x880ad65dc5b3f33123382416351eef98b4aad7f1,17
0xa6ea3b9c04b8a38ff5e224e7c3d6937ca44c0ef9,17
0xaf16620f49a1059a0dcf54408a2976bf2a30aab0,17
0x4c012c8da7d362a4e97282b368b2aed81faeb0e1,16
0x659046522c5c246a34a7eb17a814ca648436644a,16
0x7945c93926bddcf450a450cc1fc1abe7184e6e2d,16
0xb0a8BB79Db98EA2cC698E8E7CebA340EC9fE6103,16
0x128cebf594864f1f0f396cce577457895c6b0856,15
0x22b3dc63a74620b1caa8be9d3b50a7de461a8346,15
0x2346c6d59c3278729fbb3d472b6b901d2defe1bd,15
0x28a7e8f3d287dd531315d989c87818d6aa55f7f1,15
0x292E57D8C8a5744E5b013c0f327C162DD1c18d29,15
0x32470ff2a384becbd33c2b70f3cd4ba6192cb368,15
0x608e35Ca16a9d9E059658b5D1CeE96B8899CE0e3,15
0x722bcc1c85037c7c233eff80f3c057b980cf972e,15
0x9367e414c3a771f852059dd2aef29a2e4c7d7535,15
0xc3c14cf95a4f97e18c8c1f9ea8da7ad4e8f81331,15
0xd2e38ea195a2d1ad65da9864c82f52091ec0d3b5,15
0xe3d123efcdb1801c11641c41559b859778f01ba0,15
0xf4af6452d36b666f5e0434ece7c0ee0a918cc612,15
0x469b35e513c2e6e8cd14acbeb6d15609c5964138,14
0xd1395080bcbb3df505a6044bf9294eb85c9ae0e6,14
0x0091e27b9ef50427ad431be70dc441f9f6639d78,13
0x0c2c119843276882b98773cb7791c29ca3c660b5,13
0x2c8efb2d27c77fed8f6ec911cf534685649e83c7,13
0x2CB60a4291CD613aCc1F141bb87B96c2B816dCC7,13
0x4ebca7bae026c40cbced6a0e36deff6773c3ddbc,13
0x9933ad4d38702cdc28c5db2f421f1f02cf530780,13
0xa552f5e4a322e19a305fb1f8346587db84655d39,13
0x099a9f22d1bcb5a90e0b8fa0cb0fc47350f113ea,12
0x0ad05437ee154ef69ef30560adb254d82db48b33,12
0x0e46d03b99aaa8b8cc093ffed5855b92d61f9609,12
0x3863fb40d6e94d33fff464feef9b42e8e130ae6f,12
0x5332c89a571454d6eea126dfe35c3ec57d7ecb64,12
0x749b689079787858cf34f120a5101b00a1d7dc78,12
0xb194a96aadc7e99a2462ef1669eb38e6b541df79,12
0xcd861099ae567a5314f94486260a88f0f62037ff,12
0xdb43b16ab5f64e15b633c34d91d7a9d0d726ccfa,12
0xf29dfef58bd9d45dbb5b662e7c33790cdba92218,12
0x10cc3f73172a89a1296d22fc24e7d17664c4dc7b,11
0x1f1098fc04a2ea73d4fdaf50a4659b21273045c7,11
0x2b6caf3a9cb3c4f2cf1f2db56ed2a4b6dc783478,11
0x4492e10fd69be9ae85d75bdcda2d9d1e68c0eea6,11
0x574d60aa41bba8f90e87cfe0581d4e5cd8cd4870,11
0x5cc008904d3eb2120635df882e4e549aa254a450,11
0xb471c695dd5ea02035275d4b88077490c1e380ba,11
0xc5d11922c11b6130c5889d975e2cf6db837f8868,11
0xd8bbdf8c6398736ce51e01060aeebbce8307863d,11
0xdc5231e1a82b29df66e7ba5f4891747eaaf9e857,11
0xf0ee78d1e783599ce23d821c8a7847fc13acd06d,11
0x126dfe0eeb90f762d8c4f7141f535a73de84a4b5,10
0x1748149ea200a9d1db395bf744f5266c97988637,10
0x27f86204b9280a5b77c9f6d013555c867aba9a6c,10
0x34CfAC646f301356fAa8B21e94227e3583Fe3F5F,10
0x3c8d449f6cd20e5683582924aea929776bd3be3c,10
0x4b6ddb08e3ca085dd52266e7fd8ec91010f6f8b5,10
0x58f9013e19a5e753b889e73996e5798051a56d98,10
0x5F08bC5bFeF6fc77136473d8dA0F8B05C8F17531,10
0x790f7e73da1000010c06fbcb47f70b887d99432f,10
0x9a3ee5debb552043d2a664cf126b76083dbd0a4b,10
0xc6fa9b2c0febcc1dee33e7050cf5a52ecc53022f,10
0x1b85440d66a5903deabb24807d739019ff1741e6,9
0x2d1eb7d298d6453fedd0a7d874737df92275030e,9
0x3207f9132c0b9f39fa01c028564851178c59a3f3,9
0x7B8863BcD2c68A01F7A43EB8631Ff9fAD127d510,9
0x7c8b1dc41b611c533787e1d6a498ca7ac5eba6f7,9
0xb900252a7d344a85625ba675c436b1a1b3151346,9
0xCa4948DfFb54E47c5C6a569B86bB4AFAf6Ad18aE,9
0xd91bdd314ee415cfcd659b5a4b7e2ea9d55e0ce0,9
0xe9bb29e794e18fcfce5eb81510b878c34d729172,9
0xf6752df534a51f0acbe18d13491513a756f0b796,9
0x0d0db2e2ee32c0f7f034842e43fc50b6471cde31,8
0x175e67fbc136566b97dd4de3b74b7b130844e465,8
0x280Bfe8a9E6654aAA2D1897c4a3A0FcE1e85F141,8
0x547bb5ec22643be24fa6e588dc7f51070eaa57ee,8
0x670577feb18576c10f632b2e26976e659d1e5e33,8
0x85a24b2e17648e0584a7160f40932112c1773adf,8
0xb15ae22b2c61a1898491029754dff5fdce0e6966,8
0xfb9e292606bc995daaa93cb9ad21c6b9550921e1,8
0x0e88767fb6b958cc1ebf039437143ea890c63776,7
0x12e26F7eEfF0602232b03a086343e9eF20825ec3,7
0x2a24e8e824d4e92f397008c99dc9469e0c4c40cf,7
0x3356bebde2711b3254a4c3f6ccf0cfddd74c8076,7
0x3495e6876c390eef76554c24a0ee2f6216bea71d,7
0x46ce0dc067538188cddbfa8d7c4926b32b886ab8,7
0x4c6f23eba212d35b0d16bb46ee0287e1306280b2,7
0x5e526082494D4e3bE99D9a63688Ec80A9e263D8e,7
0x7327e44e045a7b1b17fc429aa441b65a8f31b543,7
0xa5dc1a4e08b777fa5317f888ab2fff1a66ba197b,7
0xac7e326c2e66161fea0a6dc31efba564b9164b04,7
0xaf0348b2a3818bd6bc1f12bd2a9f73f1b725448f,7
0xd108fc421d7e22819ef3307903ee5950fd716415,7
0xe90ac11b7629b662efd16bc88beca72a6f0cdf4d,7
0xf217f7df49f626f83f40d7d5137d663b1ec4ee6e,7
0x0119d137982ec5d5ca3ecc2a2c234aae08192745,6
0x0985ed22253485f2955f6c586535bc691d7de30b,6
0x12220bfaeba38c2b0f98c2f45c2cc75ec9e6f46b,6
0x37c8fc383e037f92f501e5884b8b5e37e3f5170e,6
0x499346e4232c392253f6f74aab0ae1f57825105f,6
0x56bf70558d3b607e38bc12ae64e69037ce91259b,6
0x71d6a613af53a0c057f2d6833dc9ade678243267,6
0x82a56fdc41811951c44954439d1d1e1c0e176fa8,6
0x8f31614c361bf815a2d300290d0c32a5a29c3bbc,6
0xac3a018b22677a52c4a5c5aabca551898abc49d1,6
0xAF379f0228ad0d46bB7B4f38f9dc9bCC1ad0360c,6
0xb98938e3c5fedca69d67cd95814fd295d642a97b,6
0xcf7f36385d2c90a757c8fd771fbd9eae779dcae8,6
0xde44f7ce2f0042d1d7cf34c89a87dc27f2fe86a1,6
0xf13acac1bf183bebaf94c7af7723837192f3d0d6,6
0xf140819da4cfa7fbee1af632309b91e5439e7834,6
0xfe476bc573d4af80e1171b2801df43003bea0640,6
0x07cfbd07b34e7dbecc189e5b66fb517c2041fd13,5
0x151fa62667c96b023a328c0e6e6a2f5ad01c2f21,5
0x21974f1f094b8118859aea880cba60bf8b75c094,5
0x27f1b56298f39152b13c7ba9bc155a24a34e3a8c,5
0x295d344e3e45b8be33cb613165f23d36d67d534a,5
0x2b93c15f8cae8dfa565f6530e0bc6f8291366913,5
0x4ce28b00cf7d2d86dd2745d36b54b592819d8227,5
0x4fc743fbfb4df9dc843a41f41db3f9a65a16ed46,5
0x5A1A95DdE7dC3c12630D1049c7a70c5dFf7b2b71,5
0x61394198ee6cbe2d6ad603d52c10fba3237202ef,5
0x745814e8b4e73672a768486266ae70b6c032e1f1,5
0x78a154d0618401cc07d92e9e0fbb5d093dad9bdb,5
0x79b9d863e86adcab6221efd8676e36bd198be64b,5
0x93151a2658683e0cf210fb6fdc459cb7f73937ae,5
0xb900e2bc24de2ad97f3b5d04e193ad256a77a5a6,5
0xC2f15CEE4Ff3A9de8Aa3759051722ffC245C186C,5
0xc5c1babd66ed89ae16999bcc762d728a943d40ff,5
0xd17cbb340650439edcda18ad8b6e0ab1595f5cf5,5
0xdb6c9a1b2acd12cd30b81c41bfd7461be8e7e716,5
0xdb7d806d1480e80138e758ea827998deb886e7c9,5
0xdcef1d522d76509860ea7936cb581f283200fc64,5
0xe8122967b92b399db2ef6b0d333908253c150dda,5
0xf1d29e94754c897d4e51c13dea9b27a35c7dd653,5
0xfba23c4cec9e7ab75e46c049358a3c13de611c2f,5
0x04a734a6c3e415fff3149f0cb5f4719554974cc2,4
0x16e6ffca042066d3f56c5ea890dd67b2231ee061,4
0x1fd8dfd8ee9ce53b62c2d5bc944d5f40da5330c1,4
0x22117278ae6c2f494433104555d9352338085ef7,4
0x2d0258f923845b1a41524622dc706e180d3c67a5,4
0x32fb2b0f1453c91a4c01e504b1e6339f9d7914ba,4
0x381771d8fa5984a6aed5bb48be07d7888bb85bd5,4
0x44f920b8e9b703f87f52f22ac84a106ef464388c,4
0x4702f896577398759d5ec8115c20f99a73174781,4
0x4e46288026110d81b239cfb9d10bc478b055ba3f,4
0x50b886b37362084d34bbcffaf1ece58671d3be54,4
0x5513d6a79b7a2d1734fc590d8071e45e73aa2dae,4
0x5875c05cd6bc8197104d03525e2a7de0481deed5,4
0x5d69c1349a84d036bffe2e7248fbff141c78fe00,4
0x5e73c83c7c37b4f06ce0818413100d0fdd0e3f69,4
0x5e93ba247d598ce71842a7bf495ac7763eac4dc6,4
0x5f4506db5b568e103532f84d32a285cdd5aa5751,4
0x790d869eca8922a6c38848dfa6b5b28538d739d5,4
0x7f09692c2cb19a9c7799c59da6ba6098e2882a1d,4
0x888184bc8c5fc1ac014effb1f2a5c60831f11ca7,4
0x89ca91cfdb0ae8bc3abc659bc0b5fdc866e9d5cd,4
0x94bb7f5636f39a8b60d3c2c936570f3dca6cba02,4
0x950d1ca26de5ff8f5ef28b7206f713f0cb3cc7ef,4
0x9c92d0a294b54fd07e5327b51651391015601072,4
0x9d70adfe35a0a9a8cdff1f5367d3682fceaa136b,4
0xa53e9e63793e55c533fe98d0ed178992942863d9,4
0xa56a0fd757c063a6d5d643a41f7bc74be96ba4ed,4
0xab53b3906398897f5c4161bfe2ba61d302f00218,4
0xaf845da0f48612aad04d35560dfc5d1540c3a873,4
0xc51f8ed65b9870549abf87815948fd6a1a74fc5f,4
0xC5395f5290bc754352eBff6FfdB94E317Bf75222,4
0xc5939f90643466693122d7a79a4189dc96096f41,4
0xCEAEFC381e3268BA7F1ec92A7Ad637857ee56210,4
0xcec420a1b66994d1d531805fbb18dbb54691486e,4
0xd7e65d1ea9b32084a8f45419d67d02b482d06313,4
0xe89c8b9ae5f727a5393a44c7a897cd814c7cd73a,4
0x0189177944008c9ca0fdbde0cd1779aad54a2042,3
0x057d35a858d6350d10f714785baf5c07703dbd4c,3
0x07afd974e8f5812c8c366318d379215475f42386,3
0x099bcccd2e2ef8c638140f0655e76471acfed045,3
0x0cfec3b9516e22b63dac89926b84ba2ae31895ba,3
0x0e110ad9d826d30073dc6a5d35efb857b9925b54,3
0x0f04676403a51412b53fd264ff48a3f70a348391,3
0x101D8b63A081dFfF2B1364864345b7F071b052ac,3
0x1734ce4940d6d53ffc3ccd2bcac9cb418212d249,3
0x1b144cf7658a6dd0a0c9ca41c53216bb83c4f403,3
0x1e7b529e585b54620254f5d0a29d64e7b64767f4,3
0x22624e0ecd70538847280cdf8438ada5980b9a61,3
0x2288c409e67b6ce52180f97a8cddf7abc24ec989,3
0x2a0cf74966a4aa8bcd11d21fd29ba74fc9c17096,3
0x2b4f291dac3f50df9f846901dd350a7ff2357bd6,3
0x34e941297dc9adfb6f85395bc4652cfc20d03a49,3
0x3a491738530f0646626a3590bc1b24a5f1c65295,3
0x3c53efc6bde2046ce4e6a928347db4c358d74c88,3
0x4cD26a54D007b14Df6fBd8F6eA73217154400f60,3
0x569c1d105f08f685e023bb4fc6f69957e2401df8,3
0x64b50dffe018bffe1f8cccf914c9c1927343c7f3,3
0x655f01313bb55c04e8ed36a5098984f3f3de57bc,3
0x662e6bf308ce3bad705570f9b6790079fff9f7f5,3
0x75c3a47843BabCFDb677ee736377dA29c481f2E0,3
0x7cfb3dfb0f7eee91576eb492ff964b1b59be0713,3
0x7df50deabb5c7e10172e152ad3300be25a9d3073,3
0x84f396739984e8bf9aca791541b01637c23bcb16,3
0x94F40fD4018586AaFb8A6AD95441e0b58cc4c058,3
0x9e84932a8dd1ba2f9134cc4a4fe7c2855ae06588,3
0xa6128912762e1f32d37d39b624ec45489a9d46b6,3
0xa6feca56c0ddaf5865c967c93cd158bf5b04d6f6,3
0xac1699e45a39ffabf3cb0c3977bad35765eecf9d,3
0xb0162064e44bcffd33db1a469b40de3d26d22c94,3
0xb0210900a86bbcd746824763e94454bfe0d20ca8,3
0xb8FB3C64E48eb9A160E6B35470A8Adb3e06904bf,3
0xbc59b45f54f88efd5f8f5cf0fbcbf5970a9255cc,3
0xbC7B9bFB9Cf68a40262DCbc4D0D2e344fFb74CE3,3
0xc6276295ad4325f69761840d4be30cf43c59fe46,3
0xcf9f6368d6669111c47431b1f3db982ae4468e28,3
0xd22881e89f05ec219c908c117c0a4d15caaa64de,3
0xd26737eecb0f12ca7c5b6527ebd989013e83e1d7,3
0xddb4fbef334d87afaeaf046a740fb53bc393582a,3
0xDE35D5F592002378C393984c5aF8fe5Bc454e97b,3
0xe26bd6de135dff44fc6067f006904c8394c5bb1c,3
0xE9cA1ABe343515312Eb6D13178C5A2DCE3c036fA,3
0xeBd8065CbBe0C13917a0E31FE1F85D91649E2244,3
0xf1a08BF7d149a3c6f6Fe9C2511F0025Ded57fA8A,3
0xf2eb916605402e5c7e81f7d609d0e2204841978f,3
0xfa292bcdab860189fc483d3bd47177c30ca7e00a,3
0xfaf4d70b588468e75eccfe9a6fd8cec5ea7393db,3
0x0c65c147aaf2dbd5109ba74e36f730d081489b5b,2
0x0cb7c3c5e00c3a3566ddd73a8de9d34202094b6b,2
0x0d4535644ffec908e39a711a01852be40bfe1c97,2
0x0e6ef0dd5e8fbf52e02e31dd40000ff290d4e4e9,2
0x126e6e7247fa74ec17085c80dfbcfe94e081c396,2
0x1571c3815bd411c39daed0e61b8eecb37c441486,2
0x19efbaaf375ce83da88a7c6ae54d4a9b0c3b55f1,2
0x1acca663cf7e865eed61caeedc36dc0f7ab05baa,2
0x1ee30e83436c6aa12d1ac74c9196ce3d529db030,2
0x2021f4207d97f643a506064ae4ffc2815b576556,2
0x214459059a7130f72fe37070839fb7dcdc3c6549,2
0x22b01e79bb5910d3dde8235d2425190df1f07481,2
0x22c582ff022cbca971b89c77088b5661b3d6beea,2
0x2732e2a7bfAA8E5A21C07F4f1c167bBfbF7A2ac1,2
0x2772C5abfd8A9A2cd25D243D2D594855301777bD,2
0x27eba2a67b906eb4341dfe54ce78083a611a0222,2
0x289a7d1d22abf90595b4f8d109e7de71f03d42d4,2
0x2ac66f5057657db1c386d5b7b8222558d41a54cd,2
0x2b57f4fb6eeb68f6e404686f48f813a528ec97ec,2
0x2d80bb93db3c01996f80e470bf7b1e9658a4229e,2
0x2dCaD61350EC531910Da683d396d92e3aE5E5C8d,2
0x2F84d6394EE8D46df279d1798345884a3a04bd09,2
0x388ec82af5a7731142154d7cf876a475c00a3112,2
0x3b0abaf35d12dac1e71add1d9ee7d1a5b107e106,2
0x40c90ec89dd4c814e91594d7aa02e9c70ffe4df1,2
0x40d1bf170f17c8648cd5accd1d801027c8b73019,2
0x40d9f74124c043f27e95bcc91495ef9e53cb0591,2
0x416efaad75ea7010ca1ce50297630d7f54cdcabd,2
0x44938301d2b5018aa8e8efaf1c678ad3890fa90f,2
0x46748562491a7abd1f43931c51cfd79bec2290ca,2
0x4703464cc068b7d97cb47502f34be65b5058d88d,2
0x4c70d89a4681b2151f56dc2c3fd751abb9ce3d95,2
0x4f540B7E7FCb5d8a1d540fD5c1852bacE3BC1893,2
0x4f62e6629e4f1cd8b72e7db8ff097f055a6ed4c0,2
0x55d18731286af2daa27d50a1d15f5d77512e6723,2
0x57bE80A340C310Bf4211C8bFED8c846bD92c5c55,2
0x58455560832b8da11fe2746fb5e1cc3894b5efb7,2
0x60f941d0b8344f28e03132d0a09fc10b6b2c6740,2
0x65148200a17d1bb6a02a1f33db0ca922a24173d3,2
0x6518e0e9ff977ba017e5ec92d98e0ce2acdfccfa,2
0x673a5fb0639d35ab6e157c1e6377d0096ab74128,2
0x67e7f0ac022294daae2c16c24db56fae96dd8757,2
0x6876077dfe31928e29b4958d357499a38e41d844,2
0x6d1d202bd41603553dad351e8dc273b66a3f61a5,2
0x70083fa820ea8d72a0d192caf75e7db8aa2571a5,2
0x71a6ad75809987807bc3d9ab37059d7c37837607,2
0x73ab4a5fcba492805a6768cd486f10525d56a687,2
0x73d69485462862b1d4F0674611D5d6A43DD424e4,2
0x74956d9744340a9f127d1bbffecef36d93b80baa,2
0x79681fdfeade515d671b4ab8ebcf4671784c29be,2
0x7b309ae2bdd946339fda88b0ed6afb095567eaa4,2
0x7c3256f3d57f94f1d4873242773728b5e1d76855,2
0x7e397095a1ce467554f02aee36d5ff99d5e95dd2,2
0x8272b2cba64d44d1519e135cf17f41f536c248ce,2
0x82964ef33d1e0312878b21849bcbc59aa4cc58d2,2
0x873dd22ce1e41b7013e36c39c90eb7d45a73f3fe,2
0x907188b3E87b5c42F883942f28BfB1BCf9fECE7A,2
0x92a33631c630FFf26291925bb510203dD6f4e9e2,2
0x939bc3defd38a86a0abae379518738ee80bf3a5e,2
0x9A2f78AB449A7132323B8B79efe20D71da64Cb3B,2
0x9B15feF1BFa4afF9B51F7b3b2dF4D197CdE68Ff0,2
0x9e78ab50ddb57334c73f0475c0c5cf33417f238a,2
0xa49CF38e51299579646a9a91f273972a791Cbaf8,2
0xa59c847bd5ac0172ff4fe912c5d29e5a71a7512b,2
0xa6d525313dde96182e6847ae388ba9817ffb136a,2
0xa8d6a3c04b48ed0cb001d3a7cb477ea7a3a242f5,2
0xad34ae6aea4f8fcf5d28de7c3924af6ee0d8ada1,2
0xad735e465ed0fb5047d8f57de1e207ef2b10707a,2
0xb03bee1a0e31266e59e1bc71d5faa84dfe9cfc2e,2
0xb052d4d50577e2081f85558ae84b47feb11a2fb8,2
0xb09f5a4b06984187235000a3a9e59e7b03308684,2
0xB6d64221451edBAc7736d4C3dA7fc827457dEc03,2
0xc0ca0fa3c8f7b0ac7eb28a49068d642d12fd3f37,2
0xc35c4447ac3983915022dabab8d05f65e69c4830,2
0xc491c6f0d3092c468770c23032d44ad9dff41989,2
0xc6f5fd8356f54e1ce115b68a44042209b6252dff,2
0xca6c1f421a3622f118396625020dc27b4f737e2b,2
0xd0a87c106c3cb3be6662f0bc02d3e86f2bc7c170,2
0xe2c2d183328b58a847d7671a94955b13d740fa4f,2
0xe449c8e7a00193010c97d531dabde822d8297291,2
0xeb10339559be159a88b1a3844a2b3f8c81edd961,2
0xeca491e162d157760f167c4dd92b45ae6e5cf0f1,2
0xf396de9a6b0a9f29e01e28e4d61c68eaf5448514,2
0xfbab30f79bbbc92c708e7e9b01e329e003d8ce48,2
0xff5d87a910a55127abf406b29d24d3ce66cad19c,2
0x000000000019fff0e5b945e90ee1e606aa22c6c2,1
0x0020Db377B67D035744d2243C794137b431EAbC0,1
0x00cc0e1C488E188922aAc9F1703A6F1961c5854b,1
0x0174a4c115f214cd42a6b90a16b97da36441c4e6,1
0x020b12d0503bbe84ec1f17bbb8ae91679f906bbc,1
0x032a138ef9b6efb91c8df33082e7abf17aae2ac4,1
0x07527da90551e05ccc7a6ecf7305e046b17cb8f7,1
0x0b3761b97c21a2e6dd9beb2b4c691bee68e8a1fa,1
0x0b79d476dac963bf4d342233ab129ab833077627,1
0x0beb5517c3ee6b186ccccd2329f303624a6d29f6,1
0x0c63adc339af1685d14e173937a6a436f9a00c79,1
0x0cba6362faB37698738715823c840984F410f670,1
0x0D5D917C7D6F313B16A53846F87DAeb96712d714,1
0x0f87dd591070f7c05fe684be6fb47f5f8374d649,1
0x10524ff0fe1144ee5473ed665b1609186547c22c,1
0x11b51824d8e949c517657bf3d7b782217ac31466,1
0x171e663287f397a945d2c75070fa5e05bdf5a06f,1
0x17fd63e548af0e7686ec0e291e266c1df4e3c656,1
0x1994b59e02cd0d09d839b03660c205e88a929b81,1
0x1b5f068D0d6A88115235B5E7a739A403702B2FC3,1
0x1ca5060bf142c58168aedb974aabb020bc081a56,1
0x1ccd1b13b7473cdcc9b1b858cb813de95b465e79,1
0x1e8261D14E9D5Bd19712BD3fA41a2d04Aa896828,1
0x1f3b218869e2ce02671d64298a19589341cc90d0,1
0x1fc95310fa073f642b07d83cf047f41df4d0d564,1
0x2039F75baf0FbF1F7710C01AB98eBc6a3Af8529c,1
0x228679770B2D8A281A466765ba55e0DFD8441ae6,1
0x239bc91bfb9151de4ee1d90e0cafe8f3563043a2,1
0x2443d44325bb07861cd8c9c8ba1569b6c39d9d95,1
0x272fca11fbe8822275f24435259c2fe64ff2d7bd,1
0x285b7f0f1f16ecfc9d12e78ba6fcebfb69e42d64,1
0x29496933e1b7618f047230173061c5fe47da0a46,1
0x2b119d4ecdc6f3a4c687ff5454aef6ee257ecfd4,1
0x330c5a9ab746b16020d70108167ea518226a6a8b,1
0x350e46345f796b35db582a88ba46f0f132f09607,1
0x36b3382b8d215658d76f3526c999e55ea3b027a0,1
0x36d293D15168cCdF93D1294D4a51a6d6c070f1Ff,1
0x36d3a198e65fae6700274cb9fa57fa5a8903e612,1
0x36E3049a9748F48ADbe81240805548E787829979,1
0x37012fbb2bd317e60a9b1b78eb032e1cbc681990,1
0x379e6AaE389F284d5E54b2AA0bEBa8833C3fe308,1
0x3fcc84af2bd349bc558ff35f117f463a1a88efbb,1
0x3ff60445b57bdc3479ec550468c4f8c4dda3b05a,1
0x45a59cf7985817036a500cb77707137af7a5b429,1
0x46ee4a41918413a877f6f4125a8771f63e258753,1
0x46fca52c9510ae98392c3fb63839955bccf8ebad,1
0x4b64B6d20d8f21b2901F53E945b227793EfB46b3,1
0x4bF6E7291dc01A41ec88A23D4921152E7d1E31D4,1
0x4c9327ad39d41bb6c39c300fe6742914f6e9e6ea,1
0x4eb82f80858e6974307458b057b875bf3f23c4a0,1
0x4F8a351743cDF9293993d8a1DCdE747253EBF8FB,1
0x52a250ea627f5bcb1e79d516d6e24859dcb31db0,1
0x53210328855120f063419c1c23a8097dff5e569c,1
0x539889688666d9f51e1ef150ee00acabe3b99993,1
0x55F698331a326316E7Afc747be2F4fa29015A9B6,1
0x59504fd191aa7cb6aa6da2a574e06f25f5606003,1
0x5c16287dced5305b8ba4e82a68d573ba18309066,1
0x5c94e305998e4be76ba7a1e2d6cf08c84afd3ce8,1
0x5cc1477f5b86a97abc6b82229f76fc9bba52b399,1
0x5d66351e56c04ec1057ce98dcfb4e185e9e0122e,1
0x5e2b3a8b13acd0d5068c40618a4d56de32518f36,1
0x5e56ef8b60d8cfb36d2c1c5d98f03b27abebd2ca,1
0x5f8F05622228c37E245d71Fa959E458C6e26538E,1
0x60f47ae909ec0aed25519a252a2ab6394c28beb7,1
0x616aB9A7877674A7bcbF5B76DFF71c55Bd2E2d55,1
0x66d27ff2e8004951487e14681380aa10e381fdb0,1
0x67a630ac974165caadf80c6001bed10027bc91b3,1
0x67fdff6e044de5684256992e0f2cb4c9f441ef0e,1
0x684c6F255BdfB64476723Cb58DeEd5BafC96C2E1,1
0x68f7d322b3a14984d95082e35a3bab0842acaa3d,1
0x6941df79ac5729c36debf73d0ae4f816c3759ac1,1
0x6981263d090734f2bd2708d1be30db5594bde400,1
0x6abf42c7378022c54f20961bef806a8a64e29acf,1
0x6ce4c70a396aade6d02d9ecb39c5f863c36ff1ee,1
0x71797bb34415e99719bc10306bcee05328e34b47,1
0x720A2BdAe0bD4dFC3cc5bd0Bc1148D42685AD9FD,1
0x720e853d5af782e8146345ee668c1b4ce8aeb3b4,1
0x731ba4edb0bd96b25f22ca681e0125dedd847566,1
0x74639a6bd5112aac228252f455750b5d304d3843,1
0x7499a82a04cc0ee1b57abfd96d96f07abddacc65,1
0x79d0e6967d390cd14e70ac0fd58e89089682e3fd,1
0x7A60059b097d3987809108B88F14a4d0854B8BDf,1
0x7c9e73d0462c93fb27c59246c5debe70220b36e7,1
0x7e21a014dd7effc8c7052f556574c6ef151e1b23,1
0x7e9bed0671aeef595a532b7f27beed722fdda649,1
0x7eb6e1f8c3c9da996728f78f6abe3b200b1e77e2,1
0x81428219ba5faee2afbe1dbe26ba5e47aab1ed45,1
0x83adc38cd82041353a475389d885edf36fd50503,1
0x873b3118bcbc05e46aa1f22349b7875f5a45f4ea,1
0x878dc03554bd716c39e05e6fa086eda2f4400e97,1
0x87cde0888282084c4676fe973b62a10199297597,1
0x8941fd76250b755b8417ae2ad14d7791b87f8626,1
0x8979da41110cde42719226ddb86cb801369be35d,1
0x8a5aad324218024fae1c15e9a7e14e9d41e1e984,1
0x8aaa0d145376ca595364a0ae6d2838ab9677c761,1
0x8fcdacd4c237e2ec9d27a1d3cf67320d81c1207b,1
0x91ca1d9624084c113d295f2a87fe9cf321fe8dc1,1
0x9399a16f15e35f0d1cd6001f20566290f113dd6b,1
0x94C70C36b519E03705DDc26982d438F71993d063,1
0x94df718ae7e2b3d797fe6f651b721fc75d24e138,1
0x95ed4e40723f22698f8ab6e7691725035c4b2831,1
0x96229984a079e2701135928502755000afb34021,1
0x986ee06cf6c1e14691a3e7426f5000f33b7c9e79,1
0x98ebcd8777646e1eee0690f34ba374d9453102ae,1
0x998d25d4f146cc1c821842092dfef6e7c815c209,1
0x99acb190fabdbdf9724a5d2cdbedc35f95839edd,1
0x9a72f205d2f0d4f789b2d0810b72e6f8e888d031,1
0x9b8c85029ebfd5f528cd215392e6302ce7207194,1
0x9Ca13029232C8f4AAC1D42FaA54A36aDE41aA10d,1
0x9ebe8f55d4b727afa29d887b80010f3d0054d207,1
0x9EfB0f4F38aFbb4b0984D00C126E97E21b8417C5,1
0x9f20b692c088b43e9cfef95ab22f012479931ac2,1
0x9fd8a49cc139a04541409e66aacb919143defe45,1
0xa0233218eff32Af8EA3427AAA994bC530b59F462,1
0xa36a7caf949c94f0693dfd185a2a94e57ace47ed,1
0xa49564f8aa9689164c53dbee9747d3ee8a11fff1,1
0xa4d8b91595d509ff6138536d0a1476dc72c1121a,1
0xa56480f914539c7ccc7f1e733691e0854ab0c1cf,1
0xac1fd75fef38c854cf86611bc66e102981c264a1,1
0xac7e5e3b589d55a43d62b90c6b4c4ef28ea35573,1
0xaf695c52c886c62e3dc5503202cc35b1edca9a1b,1
0xb0d65eeb8a22a0fb1b02b60ebf9b89002a407a77,1
0xb4076160b864b3cBF1Ea40c470Bb546a8F3b480B,1
0xb6eb37095ae1a28aa320b9a9730f8cde8000f6d2,1
0xb712ab1263fd2d992e39df1cf3f81ea9bb83e548,1
0xb7df11edd50afbcfcf93d0fa3fc8bf11ea36175a,1
0xba4fb1df1d816edb279883a3571f8896b07db3e9,1
0xbb6bbb4705c7d2a4536ccd8347309511792e4540,1
0xC0C2E27290fCA3431c6642520175A3E8d7D0d847,1
0xc3520f251b12525e43bcb3047bd42af0a3bdf409,1
0xc84Ed8973e3A553cA711018ee8740d57B6B6563f,1
0xC8C2E1547298E09E5f18e4CDEA4A271FdadAB971,1
0xc8f1d54d68cb83b353d80db5ccf174dbb1a3c96a,1
0xca719728ef172d0961768581fdf35cb116e0b7a4,1
0xcf8a85fc1cbefa2f8502c7334e9f58d6adabe2c3,1
0xd03dba00f221a875df248463007efb9e88843e43,1
0xd2dca225341d4384a2a40b49e03fa1b9fbaa21fa,1
0xD2dD2CdCA06dfBC1Ebcd729D18e2925Fc637Ffe5,1
0xd86b007c6b6214683833aedd9d4a6aa867bbc159,1
0xD935aa2c93266d2C9B64f9879E74FBE7b11267Ab,1
0xDb2f686F2b6C319b57e40BaE1AC52730b740DCE3,1
0xdbd5f71C4d48dcA17FAACD88C8664dD0fdE3f0a4,1
0xdc3c0ab9dec903668bc63cd24e0c6cf4ce4683c6,1
0xdcec4a3aa84f79249c1b5325a06c1560d202dd87,1
0xdd25ade832beb5a1fd33a8e5f65658773ecb728d,1
0xe4742af9bad8095be9145a7cb0d7a4a14b1ac9ab,1
0xe4d0d7c7fab4ccc7fd7154fb6a701be181166ff6,1
0xe6a3a611bbd1e8a97b5f87c6a022dadc1e8bd81a,1
0xe6aa2a5b90107fbc0016b67f33a2c6cb17f77d84,1
0xE6Bf805A4BFa226a53f52fB47e733507da6B3608,1
0xe7048E7186cB6f12C566A6C8a818D9D41da6Df19,1
0xe9bDA17C6667623F47Afff9b4a2b6e754Fe8d5D9,1
0xe9e89455afaf4f37972b0e7423317cb3f4c7f2af,1
0xec1a297adf79b5128540cef25a6e4dc6cd0f758c,1
0xec7F2D7e21A875Aee53b05EB511473A385D90d04,1
0xef40f8b376daa24c48e77bca11ebb1d4a4f07fca,1
0xf07b3852e8684bfcf9383daee4e4b114251cb5bd,1
0xf2269F054724d97592599BB6a0071e968FF7709F,1
0xf4907e9873863225d7D82463F910F59574e0F412,1
0xf8dd3adc4419d1e0539d4ae8541185c36991675a,1
0xf910ee6b3924ccf6debbab503a7c62b797fb9fab,1
0xf9c0194a66a0a636347d01d5791f5496141ad8f9,1
0xf9e1be233c5652e54db4fcf316ec1e6b73208f13,1
0xfa227f5be4a3c08e13d13535a31c72e45768d720,1
0xfcb0e0c9b085bdaa038fa2ed89a52da441758582,1
